berlin_00ac7093,home_86400
berlin_014345b1,home_86400
berlin_0203eeeb,home_86400
berlin_024e1179,home_86400
berlin_0256554d,home_86400
berlin_02cf421f,home_86400
berlin_032b2159,home_86400
berlin_033d8121,home_86400
berlin_036e46e2,home_86400
berlin_03be716a,home_86400
berlin_03bf2803,home_86400
berlin_04cc869e,home_86400
berlin_06c0b5cb,home_86400
berlin_0749513e,home_86400
berlin_0753fd01,home_86400
berlin_07ddcfd1,home_86400
berlin_0829fcdc,home_86400
berlin_08b21dfd,home_86400
berlin_09119ee1,home_86400
berlin_098b6ddf,home_86400
berlin_0aed7b70,home_86400
berlin_0bbdf944,home_86400
berlin_0bcb4214,home_86400
berlin_0c07a478,home_86400
berlin_0cc02b5b,home_86400
berlin_0d0f7786,home_86400
berlin_0e6a9d5a,home_86400
berlin_0ed02161,home_86400
berlin_0f5e834a,home_86400
berlin_0f93462b,home_86400
berlin_0fde165f,home_86400
berlin_101bbc89,home_86400
berlin_10a01ad0,home_86400
berlin_10ce3f99,home_86400
berlin_11dbf48e,home_86400
berlin_11e484da,home_86400
berlin_123a6101,home_86400
berlin_1271900d,home_86400
berlin_133f6a3c,home_86400
berlin_136df306,home_86400
berlin_14077fd5,home_86400
berlin_143022a2,home_86400
berlin_144554a3,home_86400
berlin_154e2e3d,home_86400
berlin_15c6a32e,home_86400
berlin_164a06c4,home_86400
berlin_17055a6a,home_86400
berlin_177080b2,home_86400
berlin_1859892f,home_86400
berlin_185a8995,home_86400
berlin_18a162a3,home_86400
berlin_18ce3828,home_86400
berlin_194300b4,home_86400
berlin_19652808,home_86400
berlin_1968bc0c,home_86400
berlin_19b2ed9b,home_86400
berlin_19b507ea,home_86400
berlin_19ba96f0,home_86400
berlin_19d474c6,home_86400
berlin_1a807786,home_86400
berlin_1a97c6c8,home_86400
berlin_1b128245,home_86400
berlin_1b2bdd5b,home_86400
berlin_1b9ffa27,home_86400
berlin_1c14aba8,home_86400
berlin_1c25b893,home_86400
berlin_1c9b9314,home_86400
berlin_1ce38c83,home_86400
berlin_1ce824db,home_86400
berlin_1cf17566,home_86400
berlin_1cfd895a,home_86400
berlin_1d472459,home_86400
berlin_1d8c38f3,home_86400
berlin_1f4742e3,home_86400
berlin_20108818,home_86400
berlin_216865ed,home_86400
berlin_21917f57,home_86400
berlin_21f06382,home_86400
berlin_22453f47,home_86400
berlin_22a7ec6f,home_86400
berlin_22fec100,home_86400
berlin_235464f9,home_86400
berlin_24294622,home_86400
berlin_252da84b,home_86400
berlin_2667a407,home_86400
berlin_271c6a51,home_86400
berlin_2804d518,home_86400
berlin_290e9b6a,home_86400
berlin_294cb010,home_86400
berlin_29fff105,home_86400
berlin_2a036907,home_86400
berlin_2b42edc7,home_86400
berlin_2b591a67,home_86400
berlin_2bb13fb9,home_86400
berlin_2db56126,home_86400
berlin_2ea4572d,home_86400
berlin_2fc9e630,home_86400
berlin_304313cd,home_86400
berlin_30c8b3e8,home_86400
berlin_310e062a,home_86400
berlin_31c33307,home_86400
berlin_335bb69c,home_86400
berlin_351ce419,home_86400
berlin_354efba5,home_86400
berlin_3555faa5,home_86400
berlin_3596dc6c,home_86400
berlin_375c309e,home_86400
berlin_3763e82d,home_86400
berlin_376ba124,home_86400
berlin_37e52a81,home_86400
berlin_37f68a49,home_86400
berlin_387e294f,home_86400
berlin_38bc5f07,home_86400
berlin_38f9cae6,home_86400
berlin_3990d12d,home_86400
berlin_39d4acf0,home_86400
berlin_3af2817f,home_86400
berlin_3bdefac4,home_86400
berlin_3bf59e78,home_86400
berlin_3d37bc93,home_86400
berlin_3d6f79be,home_86400
berlin_3db08669,home_86400
berlin_3f9b4cad,home_86400
berlin_3ff28f51,home_86400
berlin_400ea4a2,home_86400
berlin_406058fe,home_86400
berlin_4069adc3,home_86400
berlin_41e2cb63,work_21600
berlin_422ff379,home_86400
berlin_42e742e1,home_86400
berlin_443cbfe2,home_86400
berlin_4445b84c,home_86400
berlin_460fc134,home_86400
berlin_48181d61,home_86400
berlin_48af61be,home_86400
berlin_493e44b8,home_86400
berlin_49e0180d,home_86400
berlin_4a0c60c6,home_86400
berlin_4a43d1fb,home_86400
berlin_4a5946e4,home_86400
berlin_4a6d0148,home_86400
berlin_4b6226b8,home_86400
berlin_4b812dea,home_86400
berlin_4c50144b,home_86400
berlin_4c96b95e,home_86400
berlin_4e500e52,home_86400
berlin_4e87d390,home_86400
berlin_4ef0cf33,home_86400
berlin_50188643,home_86400
berlin_50dd16e0,home_86400
berlin_512baf2b,home_86400
berlin_516d371f,home_86400
berlin_534c6d3b,home_86400
berlin_53dc7517,home_86400
berlin_53f4e060,home_86400
berlin_5463eeb9,home_86400
berlin_55953180,home_86400
berlin_56590857,home_86400
berlin_567281e4,home_86400
berlin_578827b8,home_86400
berlin_57b14c0e,home_86400
berlin_5804c1cd,home_86400
berlin_58f4176a,home_86400
berlin_595600d5,home_86400
berlin_5a1a0315,home_86400
berlin_5a4ddd05,home_86400
berlin_5adac459,home_86400
berlin_5af1f212,home_86400
berlin_5c015250,home_86400
berlin_5cff6586,home_86400
berlin_5ef8b68f,home_86400
berlin_5f5ed392,home_86400
berlin_5f741183,home_86400
berlin_6010d7e0,home_86400
berlin_603b588a,home_86400
berlin_61297897,home_86400
berlin_61d4700b,home_86400
berlin_6227a883,home_86400
berlin_626a7a77,home_86400
berlin_6282c2b1,home_86400
berlin_62885e83,home_86400
berlin_62ce16fb,home_86400
berlin_6324f700,home_86400
berlin_63791fa0,home_86400
berlin_641ea3e8,home_86400
berlin_67d96e1b,home_86400
berlin_68b30b82,home_86400
berlin_6a1f3774,home_86400
berlin_6b6e572e,home_86400
berlin_6b7c7ebb,home_86400
berlin_6be4fa63,home_86400
berlin_6c398cc8,home_86400
berlin_6d4c94d9,home_86400
berlin_6dbdd8cf,home_86400
berlin_6dc3bf2e,home_86400
berlin_6e16f968,home_86400
berlin_6e2d3ae4,home_86400
berlin_6e551b0f,home_86400
berlin_6e821872,home_86400
berlin_6eef9df7,home_86400
berlin_6f09c519,home_86400
berlin_6f0ce883,home_86400
berlin_6f34a3b6,home_86400
berlin_7010fb38,home_86400
berlin_7072daab,home_86400
berlin_71b2f4e1,home_86400
berlin_71b9392b,home_86400
berlin_71c59b0b,home_86400
berlin_720d72ea,home_86400
berlin_726348cd,home_86400
berlin_7389ad72,home_86400
berlin_7461b32b,home_86400
berlin_7485de11,home_86400
berlin_762b4707,home_86400
berlin_7655712a,home_86400
berlin_7771038d,home_86400
berlin_7774f81d,home_86400
berlin_781f640f,home_86400
berlin_785ab8b6,home_86400
berlin_785d5b53,home_86400
berlin_78ae911e,home_86400
berlin_7a9b3465,home_86400
berlin_7b5d3171,home_86400
berlin_7c0bc23b,home_86400
berlin_7cc201ac,home_86400
berlin_7d5c4e76,home_86400
berlin_7da01800,home_86400
berlin_7e09480a,home_86400
berlin_7e42a931,home_86400
berlin_7e85035b,home_28200
berlin_80508825,home_86400
berlin_817d79a4,home_86400
berlin_81e0be93,home_86400
berlin_81f38b9d,home_86400
berlin_820bda3a,home_86400
berlin_82338e16,home_86400
berlin_832f7ff4,home_86400
berlin_84324b4e,home_86400
berlin_85677101,home_86400
berlin_85e44e86,home_86400
berlin_877ecd4a,home_86400
berlin_881ba48b,home_86400
berlin_88ab8f95,home_86400
berlin_895e4a63,home_86400
berlin_89ab167f,home_86400
berlin_89d1fd1c,home_86400
berlin_8b661190,home_86400
berlin_8bfcd65f,home_86400
berlin_8c07fb20,home_86400
berlin_8d8f4753,home_86400
berlin_8db957a0,home_86400
berlin_8dc377f0,home_86400
berlin_8e2c25e0,home_86400
berlin_8ee3453a,home_86400
berlin_8f0371c0,home_86400
berlin_8f2db957,home_86400
berlin_8f50b7f0,home_86400
berlin_8fc6d8da,home_86400
berlin_900b1e13,home_86400
berlin_90677e0b,home_86400
berlin_907c67ef,home_86400
berlin_90854ed9,home_86400
berlin_92d2e9c7,home_86400
berlin_9306a91a,home_86400
berlin_937adc1d,home_86400
berlin_943e58ef,home_86400
berlin_9492da95,home_86400
berlin_96def65f,home_86400
berlin_98ba19f9,home_86400
berlin_9b07202d,home_86400
berlin_9b102c1a,home_86400
berlin_9c1612d6,home_86400
berlin_9cb8b966,home_86400
berlin_9d1bd614,home_86400
berlin_9d2ff30b,home_86400
berlin_9d4d7ef8,home_86400
berlin_9e373216,home_86400
berlin_9ea50cf2,home_86400
berlin_9ed1a5ad,home_86400
berlin_9f70048e,home_86400
berlin_a08005c7,home_86400
berlin_a152c698,home_86400
berlin_a1b044c1,home_86400
berlin_a25eadbf,home_86400
berlin_a25fb33b,home_86400
berlin_a2937991,home_86400
berlin_a2bc63c3,home_86400
berlin_a3ef9185,home_86400
berlin_a419e6d6,home_86400
berlin_a4665c1c,home_86400
berlin_a4fc37b5,home_86400
berlin_a539ccd6,home_86400
berlin_a639df2b,home_86400
berlin_a63d37b8,home_86400
berlin_a6e9f17d,home_86400
berlin_a71560ef,home_86400
berlin_a743e600,home_86400
berlin_a7ec4a05,home_86400
berlin_a809734d,home_86400
berlin_a821a8f4,home_86400
berlin_a86865fd,home_86400
berlin_a8c50111,home_86400
berlin_a8ef570e,home_86400
berlin_a972f3ca,home_86400
berlin_aac792b9,home_86400
berlin_ab1446c8,home_86400
berlin_ab846abd,home_86400
berlin_ac1f3a11,home_86400
berlin_ac47ff59,home_86400
berlin_adbc02c1,home_86400
berlin_ae698133,home_86400
berlin_b0c4e5cc,home_86400
berlin_b16de260,home_86400
berlin_b444333b,home_86400
berlin_b45f534f,home_86400
berlin_b4b1e7c2,home_86400
berlin_b4cfdfb8,home_86400
berlin_b67c6a94,home_86400
berlin_b69ef4dc,home_86400
berlin_b6cacb3f,home_86400
berlin_b7905528,home_86400
berlin_b806b64f,home_86400
berlin_b906e8c2,home_86400
berlin_b98174f6,home_86400
berlin_ba95b1a8,home_86400
berlin_bbf4855a,home_86400
berlin_bc2fd224,home_86400
berlin_bc65f321,home_86400
berlin_bd8bdfad,home_86400
berlin_bdf3b3e0,home_86400
berlin_bf1047fa,home_86400
berlin_bf36c3e7,home_86400
berlin_bf61a9ac,home_86400
berlin_bfaaa57a,home_86400
berlin_c01f9603,home_86400
berlin_c0e4db2a,home_86400
berlin_c275dc06,home_86400
berlin_c2d3aa49,home_86400
berlin_c2e6bcbf,home_86400
berlin_c33138f8,home_86400
berlin_c3f21ad2,home_86400
berlin_c5059580,home_86400
berlin_c58537e0,home_86400
berlin_c596a981,home_86400
berlin_c5b1952a,home_86400
berlin_c5c8b156,home_86400
berlin_c5efd475,home_86400
berlin_c62422c8,home_86400
berlin_c71c198f,home_86400
berlin_c740b968,home_86400
berlin_c79c895c,home_86400
berlin_c814d2c5,home_86400
berlin_c8ecde87,home_86400
berlin_c93d5323,home_86400
berlin_c969c4cc,home_86400
berlin_c9798345,home_86400
berlin_c9bbdb1a,home_86400
berlin_c9ddd622,home_86400
berlin_cb26d5f5,home_86400
berlin_cbdc3cd2,home_86400
berlin_cc516815,home_86400
berlin_cd978407,home_86400
berlin_cda2186a,home_86400
berlin_cddb11a3,home_86400
berlin_cf0b168f,home_86400
berlin_cf36156c,home_86400
berlin_cf582c92,home_86400
berlin_cf6fe3b5,home_86400
berlin_cfb8a244,home_86400
berlin_d025ff7f,home_86400
berlin_d052c301,home_86400
berlin_d20ff435,home_86400
berlin_d269d836,home_86400
berlin_d282e211,home_86400
berlin_d2f7a83d,home_86400
berlin_d364a3be,home_86400
berlin_d37e6979,home_86400
berlin_d39602e2,home_86400
berlin_d3edfe15,home_86400
berlin_d933919a,home_86400
berlin_d9b3e609,home_86400
berlin_d9b49071,home_86400
berlin_da921ce4,home_86400
berlin_dbbe0c3d,home_86400
berlin_dcb19bc8,home_86400
berlin_dce36989,home_86400
berlin_dd99a05e,home_86400
berlin_ddeb2726,home_86400
berlin_dea37a0f,home_86400
berlin_df05be77,home_86400
berlin_dfc535ae,home_86400
berlin_e3185175,home_86400
berlin_e36ed4c2,home_86400
berlin_e3c73ffe,home_86400
berlin_e3ee97c8,home_86400
berlin_e4cd97e5,home_86400
berlin_e5115847,home_86400
berlin_e5120707,home_86400
berlin_e546a945,home_86400
berlin_e618ef8e,home_86400
berlin_e62b5294,home_86400
berlin_e6465526,home_86400
berlin_e6c505ba,home_86400
berlin_e823644e,home_86400
berlin_e842b05d,home_86400
berlin_e9300c38,home_86400
berlin_e9cfdfec,home_86400
berlin_e9fd03b2,home_86400
berlin_ea02d82e,home_86400
berlin_ebb1ab05,home_86400
berlin_ec591b48,home_86400
berlin_edc37d5e,home_86400
berlin_eeea445d,home_86400
berlin_f0037b9f,home_86400
berlin_f02c5e80,home_86400
berlin_f059d326,home_86400
berlin_f0779a3a,home_86400
berlin_f0965884,home_86400
berlin_f0a8e723,home_86400
berlin_f1100bcf,home_86400
berlin_f3f7c37a,home_86400
berlin_f475e5c1,home_86400
berlin_f4caaa22,home_86400
berlin_f565b5f7,work_86400
berlin_f5eac270,home_86400
berlin_f648013e,home_86400
berlin_f7e3cff7,home_86400
berlin_f8c559a3,home_86400
berlin_f8e1e564,home_86400
berlin_f95bbaa7,home_86400
berlin_fac8ae1c,home_86400
berlin_fb25a8d3,home_86400
berlin_fbc04f8e,home_86400
berlin_fc1ed9ba,home_86400
berlin_fcc5f25d,home_86400
berlin_fea9d528,home_86400
commercialPersonTraffic_re_vkz.0061_2_0,commercial_start
commercialPersonTraffic_re_vkz.1614_4_0,commercial_start
commercialPersonTraffic_service_re_vkz.1651_3_9,commercial_start
goodsTraffic_re_vkz.1603_4_3,commercial_start
goodsTraffic_re_vkz.1612_5_1,commercial_start
goodsTraffic_re_vkz.1651_6_3,commercial_start
