ID,TravelTime
berlin_38d1ea21,6171
berlin_7e17e92c,4072
berlin_fd197a13,4971
berlin_6be4fa63,7918
berlin_b16de260,4617
berlin_f7707f78,154
berlin_fd4c5f48,17238
berlin_d4ec4228,4955
berlin_e3185175,2336
berlin_0753fd01,1408
berlin_6d4c94d9,5475
berlin_ba95b1a8,2526
berlin_a75c4443,2945
berlin_5c65f29f,7236
berlin_43435bb3,6719
berlin_6cb3527e,9823
berlin_c2940ecb,228
berlin_626a7a77,2100
berlin_ea02d82e,5566
berlin_164a06c4,570
commercialPersonTraffic_service_re_vkz.1651_3_9,13593
berlin_6eef9df7,2415
berlin_96def65f,5544
berlin_d2c30dab,4072
berlin_e3ee97c8,6658
berlin_fd875436,5843
berlin_c969c4cc,4657
berlin_24294622,2662
berlin_7cc201ac,4356
berlin_c58537e0,9876
berlin_17112497,9461
berlin_d4b50068,5054
berlin_d9b49071,10241
berlin_61d4700b,6193
berlin_0f117a2d,10679
berlin_c42ca7eb,7385
berlin_a208bdc5,13083
berlin_d0188318,937
berlin_7c21f24d,5633
berlin_04cc869e,2616
berlin_d14b1708,9191
berlin_820bda3a,2719
berlin_c3f21ad2,2517
berlin_aec8b38c,3898
berlin_65f48c91,11370
berlin_0267b353,2382
berlin_ad687bc1,597
berlin_31c33307,2059
berlin_2428ed62,2647
berlin_66e8b9e5,11493
berlin_375c309e,1676
berlin_907c67ef,7678
berlin_2af715d0,380
berlin_37e52a81,11931
berlin_6e16f968,5265
berlin_0aed7b70,2239
berlin_88ab8f95,6253
berlin_7e85035b,12960
berlin_37ea535d,2464
berlin_741df1a9,4543
berlin_bd53e49b,5205
berlin_cee951d9,10723
berlin_f1100bcf,1470
berlin_8dc377f0,381
berlin_351ce419,5724
berlin_78dfe2b7,2940
berlin_cb8333e1,7929
berlin_641ea3e8,7127
berlin_9b7ebe97,1756
berlin_53dc578e,19521
berlin_77846ba2,980
berlin_a8ef570e,2118
berlin_5d2b2cd7,1928
berlin_8b7aae1b,2448
berlin_9f9fdb63,7580
berlin_aed668d0,14622
berlin_a3ef9185,4809
berlin_2103c737,2422
berlin_09119ee1,3040
berlin_15d609c6,588
berlin_6010d7e0,813
berlin_fe4fddad,766
berlin_881ba48b,6746
berlin_c9ddd622,3244
berlin_585a6f00,5323
berlin_098b6ddf,2493
berlin_fc0ec06c,10072
berlin_0e61c37a,7805
berlin_90854ed9,1831
berlin_f6fd480a,4230
berlin_e801bb08,1780
berlin_9306a91a,4599
berlin_1271900d,2178
berlin_06cc91d9,26165
berlin_4f0d8614,5569
berlin_48af61be,4930
berlin_4ef0cf33,2061
berlin_4588b641,5497
berlin_4c96b95e,5026
berlin_f02c5e80,2054
berlin_37db4b46,7689
berlin_e629decf,5182
berlin_1f249a95,5578
berlin_f907a418,3428
berlin_0f93462b,6373
berlin_5f5ed392,9447
berlin_e9cfdfec,7963
berlin_a809734d,5216
berlin_4943fbcc,4426
berlin_699c0e86,452
berlin_b4b1e7c2,5154
berlin_196694be,8560
berlin_007886de,2725
berlin_4069adc3,2125
berlin_53dc7517,11659
berlin_75993258,5424
berlin_21e80623,9040
berlin_27b09a46,17205
berlin_a743e600,3113
berlin_8fc6d8da,4163
berlin_a2ccf40e,4157
berlin_516d371f,7128
berlin_a7ec4a05,2401
berlin_0c6d271e,2218
berlin_422ff379,2795
berlin_143022a2,14359
berlin_159c10b0,3592
berlin_294cb010,3716
berlin_9fece509,7424
berlin_a0a9337b,2555
berlin_f3a1b62d,13585
berlin_b9118a5c,2521
berlin_05c36c2a,3596
berlin_1def7ba4,4978
berlin_a419e6d6,1738
berlin_0256554d,4737
berlin_d4f1fe56,572
berlin_a08005c7,2756
berlin_8b4ad343,2998
berlin_8d0a3a75,7667
berlin_88794fdf,1151
berlin_5af1f212,1922
berlin_e6465526,3143
berlin_02cf421f,2544
berlin_19bb1323,6350
berlin_17055a6a,3167
berlin_fbc04f8e,874
berlin_e5120707,2234
berlin_50188643,4150
berlin_483a4f45,7705
berlin_a4add7ac,6030
berlin_8db957a0,1531
berlin_6ea42073,2918
berlin_4304d3c3,956
berlin_af09b0fd,2622
berlin_d933919a,4364
berlin_9b07202d,3362
berlin_a8c50111,3993
berlin_7c009cec,9435
berlin_5ef8b68f,234
berlin_472b896e,1237
berlin_eebff598,5191
berlin_3555faa5,2404
berlin_4a0c60c6,5076
berlin_7655712a,1269
berlin_032bd22d,7162
berlin_b7905528,5912
berlin_f5eac270,1960
berlin_26afc8fd,6612
berlin_595600d5,2184
berlin_0ed02161,11806
berlin_29d5164e,9914
berlin_76a535ea,8711
berlin_a31937eb,5480
berlin_1a807786,5600
berlin_e9984c94,425
berlin_567281e4,4145
berlin_d64bf910,8356
berlin_8ec72674,7711
berlin_c7c68abb,8459
berlin_1b128245,5086
berlin_534c6d3b,1514
berlin_595f4f33,8564
berlin_e823644e,4995
berlin_1ebf7ff2,3843
berlin_63791fa0,14189
berlin_96b1dced,554
berlin_6f0ce883,7145
berlin_017e1450,17993
berlin_1c14aba8,13961
berlin_3e8ae926,5015
berlin_7461b32b,7862
berlin_62ce16fb,5919
berlin_90fceb21,1050
berlin_4b6226b8,12654
berlin_ca5e9faf,6739
berlin_7072daab,4240
berlin_300f36f6,11014
berlin_9773c279,1533
berlin_41dea970,650
berlin_71b9392b,9971
berlin_9ea50cf2,2810
berlin_ce8a4028,8364
berlin_cb26d5f5,14644
berlin_19652808,5608
berlin_ab846abd,9591
berlin_62885e83,3019
berlin_f565b5f7,7786
goodsTraffic_re_vkz.1651_6_3,3023
berlin_3fe9c5b3,5691
berlin_cd978407,7381
berlin_1cfd895a,1286
berlin_bc65f321,7771
berlin_d7f5fdb5,2314
berlin_3db08669,7381
berlin_1ce38c83,5299
berlin_e62b5294,6127
berlin_3596dc6c,7373
berlin_10ce3f99,821
berlin_30c8b3e8,3761
berlin_c2d3aa49,7270
berlin_1c25b893,7891
berlin_82338e16,9639
berlin_ae9cf0d4,7822
berlin_4ed44818,7734
berlin_85e44e86,6298
berlin_ecc88c4c,2653
berlin_e842b05d,9767
berlin_dce36989,1982
berlin_465b691d,3061
berlin_578827b8,4057
berlin_e9b9e576,2259
berlin_252da84b,3623
berlin_0e75c8ee,9349
berlin_bae24230,3287
berlin_aac792b9,428
berlin_185a8995,14080
berlin_1dfc17d3,1847
berlin_38bc5f07,3596
berlin_82b8d93d,2045
berlin_8c3b12d6,496
berlin_96213e86,3936
berlin_f0226557,2281
berlin_3fd3bfd1,1173
berlin_5c25db76,10063
berlin_22a7ec6f,399
berlin_55fac4d7,2142
berlin_d365602c,864
berlin_e664a3dd,7126
berlin_0e2a6022,7289
berlin_6dbdd8cf,8343
berlin_6f34a3b6,4703
berlin_62f2cff8,6398
berlin_e1363f6e,1748
berlin_f0a8e723,5082
berlin_1f06f65d,1633
berlin_48f6b461,3306
berlin_9b102c1a,3504
goodsTraffic_re_vkz.1603_4_3,15402
berlin_6a2ccd85,2340
berlin_a34d3b4c,750
berlin_c5efd475,2036
berlin_0d8419d6,218
berlin_3bdefac4,6537
berlin_b8123b02,2804
berlin_e9cffdcf,4924
berlin_55953180,9946
berlin_888840a9,536
berlin_c5b1952a,3174
berlin_af44454e,3997
berlin_271e9a63,5308
berlin_91859871,7427
berlin_0fde165f,6110
berlin_c93d5323,7605
berlin_dc7bb3fd,6247
berlin_d9b3e609,5692
berlin_41e2cb63,3130
berlin_341eb8ec,985
berlin_9ca00fe4,728
berlin_a6c0ddc7,4559
berlin_29c67492,8168
berlin_6329c164,3640
berlin_cdd0842c,9362
berlin_a25eadbf,2106
berlin_f522e37f,4159
berlin_22453f47,8568
berlin_d16380d1,1602
commercialPersonTraffic_re_vkz.1661_1_0,18874
berlin_6e821872,2952
berlin_c4cee776,294
berlin_cfb8a244,4982
berlin_c814d2c5,3062
berlin_4a0ee1f3,4024
berlin_74ae4f82,1040
berlin_b4cfdfb8,7012
berlin_97d008be,10868
berlin_1bc7eaa8,7912
berlin_8d8f4753,4876
berlin_8facbc9a,1995
berlin_cc516815,2516
berlin_e193ad14,6662
berlin_b69ef4dc,3543
berlin_271c6a51,13613
berlin_5082f11a,10139
berlin_19b507ea,6220
berlin_3be6b362,7459
berlin_c9dd7093,5481
berlin_19d474c6,3981
berlin_5860bc50,5490
berlin_65e84766,3658
berlin_427ec931,955
berlin_fd991e5a,13091
berlin_9cf322d0,9294
berlin_785d5b53,1178
berlin_fb25a8d3,2382
berlin_60903e06,5513
berlin_fcc5f25d,2341
berlin_bcdad5ea,4334
berlin_d3042f30,1098
berlin_1d7cb9cc,2360
berlin_3d37bc93,12465
berlin_f9513e10,2228
berlin_621bf382,2511
berlin_01435d1a,4150
berlin_e99e7254,8766
berlin_efe74d2e,338
berlin_bc2fd224,2447
berlin_bf61a9ac,282
berlin_a539ccd6,2982
berlin_8f0371c0,178
berlin_924bf648,4179
berlin_3e33eeee,8565
berlin_8f50b7f0,5517
berlin_53a6f4fb,6040
berlin_98c859f8,4620
berlin_036e46e2,8593
berlin_c9bbdb1a,7415
berlin_19857b56,8374
berlin_2b4fcd48,9387
berlin_68b30b82,7817
berlin_10a01ad0,7844
berlin_a190a4bf,9448
berlin_9acb419e,3713
berlin_0bcb4214,1745
berlin_246d2207,936
berlin_911b0bf5,6364
berlin_80dbe16f,532
berlin_17ee6cc1,2478
berlin_ccd192b7,8812
berlin_69756c14,1794
berlin_0e6a9d5a,6999
berlin_6a1aa423,2585
berlin_fc1ed9ba,5556
berlin_a2bc63c3,7192
berlin_cbdc3cd2,5386
berlin_fac8ae1c,5904
berlin_f8479522,8633
berlin_3bf59e78,5984
berlin_0d0f7786,10529
berlin_8c752c4a,5452
berlin_434e18fc,4875
berlin_94937fbe,11040
berlin_8e1963d6,9704
berlin_d2f7a83d,3390
berlin_d37e6979,692
berlin_985ccde7,1586
berlin_5c096159,3462
berlin_fea9d528,7640
berlin_1f9882d4,2264
berlin_2dd494ef,4849
berlin_f7847eb5,1170
berlin_7e09480a,7674
berlin_9d4d7ef8,2948
berlin_d3ad8617,4101
berlin_82166b1b,3088
berlin_a1901b8c,1447
berlin_f23a0713,2200
berlin_67d96e1b,5217
berlin_7389ad72,2014
berlin_7e42a931,17087
berlin_c2e6bcbf,5887
berlin_71c59b0b,6917
berlin_29fff105,552
berlin_727ac515,1865
berlin_00f1c639,1879
berlin_032b2159,9173
berlin_71b2126a,7370
berlin_7da01800,5727
berlin_9d2ff30b,1660
berlin_512baf2b,148
berlin_5463eeb9,264
berlin_e9300c38,1432
berlin_f1d4540e,2233
berlin_877ecd4a,1711
berlin_b17601b0,2182
berlin_bcadd429,3835
berlin_8ee3453a,5344
berlin_2cc5d456,7005
berlin_0cd10b03,1162
berlin_182bf25d,5408
berlin_2bb13fb9,3802
berlin_df10b96d,12755
berlin_1a97c6c8,2758
berlin_23ed5ba4,564
berlin_4ce35d6f,3767
berlin_da921ce4,11081
berlin_566953b8,1235
berlin_19b2ed9b,2790
berlin_3a73433a,3908
berlin_b8126acf,5349
berlin_61297897,3242
berlin_7c0bc23b,5122
berlin_c611e141,1493
berlin_6656911b,6495
berlin_2d2f5479,8195
berlin_cf6fe3b5,4736
berlin_3c895c06,5780
berlin_f7e3cff7,12022
berlin_bf36c3e7,1440
berlin_c7e478be,3231
berlin_0c07a478,1236
berlin_5095d87c,5689
berlin_05a14417,4785
berlin_84886c46,7632
berlin_caf055fa,786
berlin_14639c8a,5244
berlin_6c398cc8,5276
berlin_ebb72dd3,3361
berlin_42e742e1,7536
berlin_a7835dfb,6521
berlin_516f41ed,4735
berlin_51ca620f,3183
berlin_14077fd5,5621
berlin_abb12622,10153
berlin_b806b64f,94
berlin_2b591a67,13323
berlin_eeea445d,1939
berlin_99abf3e1,5180
berlin_28c2a253,5028
berlin_c5059580,3427
berlin_310e062a,9852
berlin_84c74af2,2056
berlin_a71560ef,7286
berlin_e5115847,11037
berlin_60f79d95,6647
berlin_bf1047fa,1661
berlin_cda2186a,4678
berlin_c596a981,5569
commercialPersonTraffic_service_re_vkz.1601_3_2,18779
berlin_4a43d1fb,13471
berlin_7a12c535,338
berlin_c77a8583,3474
berlin_4fcfda74,8597
berlin_77272352,2617
berlin_ec93bbfc,5827
berlin_1174e194,6737
berlin_470364b5,7485
berlin_ac1f3a11,3770
berlin_dcb19bc8,7270
berlin_f95bbaa7,8461
berlin_885a83f9,7292
berlin_762b4707,12828
berlin_d052c301,4978
berlin_16ea4bc8,2108
berlin_17b303c0,3376
berlin_22f17fc3,4955
berlin_1efb9a1e,4843
berlin_2217dad7,5541
berlin_443935af,3698
berlin_2b42edc7,5361
berlin_d3ef9382,3605
berlin_101bbc89,6753
berlin_6f09c519,3463
berlin_c33c5646,8528
berlin_f4caaa22,4117
berlin_45488c66,4471
berlin_81e0be93,708
berlin_33f6c34f,5633
berlin_38c1cca4,12138
berlin_73e7cf89,1370
berlin_d9ce4edb,6020
berlin_9cf4e715,17625
berlin_4c8e52ff,10401
berlin_87bb2605,276
berlin_194300b4,14592
berlin_6e551b0f,15810
berlin_94fa6630,6077
berlin_9cb8b966,2364
berlin_a2937991,5040
berlin_84324b4e,3598
berlin_a4665c1c,3018
berlin_43a50e21,3443
berlin_6324f700,671
berlin_4a5946e4,16632
berlin_493e44b8,28630
berlin_4e500e52,2222
berlin_2667a407,1831
berlin_3af2817f,6222
berlin_78ae911e,1698
berlin_0b933111,878
berlin_7a9b3465,8022
berlin_9824d9db,6298
berlin_8286ce1a,4339
berlin_bfaaa57a,7856
berlin_2a7ba649,7358
berlin_1c94cbb7,4283
goodsTraffic_re_vkz.1661_2_0,1146
berlin_d282e211,1788
berlin_9ff4199f,1446
berlin_1be82ca1,1074
berlin_0e816b24,9162
berlin_79c05305,4398
berlin_70748cbb,10756
berlin_014345b1,5918
berlin_631c3af7,8493
berlin_bf10ad5f,2265
berlin_08c6e314,6343
berlin_e3c73ffe,5106
berlin_d3473c51,494
berlin_88d6f83f,3527
berlin_c275dc06,2888
berlin_1013f5ef,4317
berlin_0cbd5a4a,9974
berlin_443cbfe2,8737
berlin_0829fcdc,802
berlin_ccb2e862,1874
berlin_1b763290,3452
berlin_e6eefdf2,7547
berlin_7883a0a9,9003
berlin_305bda32,416
berlin_f5ae9f3a,6344
berlin_8bfcd65f,1798
berlin_45d9ef87,4074
berlin_429669a1,606
berlin_7771038d,7245
berlin_3eb883ae,8063
berlin_f2a1fb9d,1023
berlin_4445b84c,3347
berlin_154e2e3d,676
berlin_026b54c4,9989
berlin_df1680c0,5163
berlin_d3edfe15,1844
berlin_f3b8e817,402
berlin_38f9cae6,1103
berlin_73d25790,234
berlin_c6a03073,3245
berlin_d39602e2,7691
berlin_2a036907,4989
berlin_5a4ddd05,3718
berlin_0475595f,2246
berlin_11e1c5ef,4578
berlin_5f741183,6064
berlin_69c7e1af,2218
berlin_11dbf48e,3701
berlin_6227a883,3191
berlin_34685b1f,621
berlin_0a08c44a,1636
berlin_a6afc063,2585
berlin_c01f9603,3433
berlin_95b5428d,3693
berlin_05ebc3f3,11286
berlin_14ebf9bb,5830
berlin_f0965884,12461
berlin_56590857,1844
berlin_1968bc0c,3693
berlin_a0d2d67b,6606
berlin_7f5e850c,1372
berlin_6282c2b1,1338
berlin_f059d326,3013
berlin_335bb69c,8905
berlin_6d53592b,3787
berlin_a1b044c1,2764
berlin_3d6f79be,952
berlin_adc1b0c0,1885
berlin_19a7c58a,3067
berlin_08b21dfd,5088
berlin_dedcb321,624
berlin_aaef55f9,11554
berlin_3b329e64,15979
berlin_e1a78fc8,6824
berlin_e58b436a,494
berlin_84e84f15,9098
berlin_b68de915,5251
berlin_03bf2803,6896
berlin_d20ff435,8732
berlin_c2e9bcfa,1578
berlin_7010fb38,2560
commercialPersonTraffic_re_vkz.1614_4_0,29119
berlin_52b7cf77,7690
berlin_8f455214,3116
berlin_ec279441,5861
berlin_85677101,4460
berlin_9492da95,2017
berlin_1cf17566,6089
berlin_13b0a011,2944
berlin_f8e1e564,2890
berlin_80508825,818
berlin_cf582c92,2315
berlin_92d2e9c7,8795
berlin_f3f7c37a,9017
berlin_9ace4a78,10068
berlin_f475e5c1,7176
berlin_cddb11a3,1142
berlin_7da975dc,13888
berlin_11e484da,4282
berlin_05fbb9c6,3635
berlin_033d8121,4945
berlin_d054fbdc,7735
berlin_23ebf12f,6475
berlin_103ea286,3368
berlin_1625b7b7,7644
berlin_3d863040,3772
berlin_23f64c93,10306
berlin_0bbdf944,2763
berlin_429cd1cd,4642
berlin_c0b62ad7,7665
berlin_b0ad23cd,5578
berlin_38fb9eab,3972
berlin_144554a3,4102
berlin_bc712aa0,1790
berlin_c78e28c0,4295
berlin_dd99a05e,3406
berlin_5a457be6,2886
berlin_0cc02b5b,1876
berlin_afb4d184,6087
berlin_235464f9,4605
berlin_5c1b51c4,10425
berlin_785ab8b6,3476
berlin_61195631,958
berlin_25fac821,1172
berlin_387e294f,6434
berlin_77237e05,1674
berlin_f387dd43,7663
berlin_024e1179,5646
berlin_930b4092,12245
berlin_bbf4855a,10451
berlin_6dc3bf2e,20025
berlin_6cb1e76e,8163
berlin_2fc9e630,12604
berlin_136df306,8337
berlin_3dfbac14,3654
berlin_50dd16e0,16144
berlin_07ddcfd1,2940
berlin_013830e8,5530
berlin_832f7ff4,2857
berlin_7d5c4e76,6486
berlin_89ab167f,8146
goodsTraffic_re_vkz.1612_5_1,228
berlin_5ede9713,10617
berlin_de87aadc,2763
berlin_279f85c5,7125
berlin_b6a3d7de,1923
berlin_a6d30bf2,3710
berlin_1073cb91,500
berlin_460fc134,4746
berlin_2336a988,8821
berlin_8510e976,1207
berlin_00bc04fc,1255
berlin_55a4746e,3965
berlin_a639df2b,4417
berlin_a25fb33b,11022
berlin_bb93624c,8442
berlin_0c67ea8c,10204
berlin_18a162a3,5481
berlin_00ac7093,8518
berlin_b67c6a94,9755
berlin_5a5f4741,2409
berlin_7b5d3171,5445
berlin_9e373216,1249
berlin_6c692c7f,2489
berlin_df05be77,5792
berlin_15c6a32e,11973
berlin_da6209af,4791
berlin_f648013e,1006
berlin_40a39143,3396
berlin_725f4048,104
berlin_98347c11,7850
berlin_db6e4fa6,778
berlin_df234d17,6536
berlin_6905eb1c,8326
berlin_6a5e7b67,6486
berlin_98ba19f9,8353
berlin_1c9781d3,1573
berlin_e45745bc,4785
berlin_64516a78,10532
berlin_b0c4e5cc,8690
berlin_c0e4db2a,1049
berlin_9f70048e,5541
berlin_2fae9d42,5400
berlin_5a379196,3588
berlin_c6f5149c,2165
berlin_0287936a,4667
berlin_9cb3ecf0,3092
berlin_d22d6d76,1282
berlin_5a1a0315,4659
berlin_0f5e834a,4631
berlin_d364a3be,4510
berlin_a1b0f1bd,3407
berlin_fe3c22b4,3459
berlin_90677e0b,3751
berlin_4b812dea,308
berlin_f18a9ae8,5140
berlin_f54fded4,4903
berlin_e36ed4c2,6286
berlin_09e24bcf,5002
berlin_2275b5ab,8561
