Minute,Util_M1,Util_PT
0,0,0
1,0,0
2,0,0
3,0,0
4,0,0
5,0,0
6,0,0
7,0,0
8,0,0
9,0,0
10,0,0
11,0,0
12,0,0
13,0,0
14,0,0
15,0,0
16,0,0
17,0,0
18,0,0
19,0,0
20,0,0
21,0,0
22,0,0
23,0,0
24,0,0
25,0,0
26,0,0
27,0,0
28,0,0
29,0,0
30,0,0
31,0,0
32,0,0
33,0,0
34,0,0
35,0,0
36,0,0
37,0,0
38,0,0
39,0,0
40,0,0
41,0,0
42,0,0
43,0,0
44,0,0
45,0,0
46,0,0
47,0,0
48,0,0
49,0,0
50,0,0
51,0,0
52,0,0
53,0,0
54,0,0
55,0,0
56,0,0
57,0,0
58,0,0
59,0,0
60,0,0
61,0,0
62,0,0
63,0,0
64,0,0
65,0,0
66,0,0
67,0,0
68,0,0
69,0,0
70,0,0
71,0,0
72,0,0
73,0,0
74,0,0
75,0,0
76,0,0
77,0,0
78,0,0
79,0,0
80,0,0
81,0,0
82,0,0
83,0,0
84,0,0
85,0,0
86,0,0
87,0,0
88,0,0
89,0,0
90,0,0
91,0,0
92,0,0
93,0,0
94,0,0
95,0,0
96,0,0
97,0,0
98,0,0
99,0,0
100,0,0
101,0,0
102,0,0
103,0,0
104,0,0
105,0,0
106,0,0
107,0,0
108,0,0
109,0,0
110,0,0
111,0,0
112,0,0
113,0,0
114,0,0
115,0,0
116,0,0
117,0,0
118,0,0
119,0,0
120,0,0
121,0,0
122,0,0
123,0,0
124,0,0
125,0,0
126,0,0
127,0,0
128,0,0
129,0,0
130,0,0
131,0,0
132,0,0
133,0,0
134,0,0
135,0,0
136,0,0
137,0,0
138,0,0
139,0,0
140,0,0
141,0,0
142,0,0
143,0,0
144,0,0
145,0,0
146,0,0
147,0,0
148,0,0
149,0,0
150,0,0
151,0,0
152,0,0
153,0,0
154,0,0
155,0,0
156,0,0
157,0,0
158,0,0
159,0,0
160,0,0
161,0,0
162,0,0
163,0,0
164,0,0
165,0,0
166,0,0
167,0,0
168,0,1
169,0,1
170,0,1
171,0,2
172,0,2
173,0,2
174,0,2
175,0,2
176,0,2
177,0,2
178,0,2
179,0,2
180,0,2
181,0,2
182,0,2
183,0,2
184,0,2
185,0,2
186,0,4
187,0,4
188,0,4
189,0,4
190,0,4
191,0,5
192,0,5
193,0,6
194,0,5
195,0,5
196,0,6
197,0,6
198,0,6
199,0,6
200,0,6
201,0,6
202,0,6
203,0,6
204,0,6
205,0,6
206,0,6
207,0,7
208,0,7
209,0,8
210,0,8
211,0,7
212,0,7
213,0,7
214,0,7
215,0,7
216,0,7
217,0,7
218,0,8
219,0,10
220,0,10
221,0,11
222,0,11
223,0,11
224,0,11
225,0,11
226,0,11
227,0,11
228,0,11
229,0,12
230,0,12
231,0,12
232,0,12
233,0,12
234,0,13
235,0,11
236,0,12
237,0,13
238,0,15
239,0,14
240,0,14
241,0,13
242,0,13
243,0,13
244,0,14
245,0,15
246,0,15
247,0,15
248,0,16
249,0,16
250,0,16
251,0,16
252,0,17
253,1,18
254,1,18
255,1,18
256,1,18
257,1,19
258,1,19
259,1,19
260,1,18
261,1,19
262,1,18
263,1,21
264,1,21
265,0,21
266,0,24
267,0,25
268,0,26
269,0,27
270,0,29
271,0,29
272,0,30
273,0,27
274,1,30
275,1,30
276,1,30
277,2,32
278,2,34
279,2,37
280,2,39
281,2,43
282,2,45
283,2,46
284,2,45
285,2,50
286,2,53
287,2,54
288,2,57
289,2,56
290,2,58
291,2,62
292,2,66
293,2,66
294,2,65
295,0,65
296,1,69
297,1,72
298,1,79
299,1,81
300,1,84
301,1,86
302,2,86
303,2,90
304,2,96
305,2,96
306,1,94
307,1,101
308,1,101
309,1,101
310,2,103
311,2,109
312,1,113
313,1,116
314,1,120
315,1,129
316,1,130
317,0,137
318,0,137
319,1,139
320,2,144
321,2,146
322,2,147
323,3,153
324,3,154
325,3,164
326,3,170
327,3,176
328,3,177
329,5,179
330,5,182
331,5,185
332,5,192
333,4,200
334,4,201
335,4,210
336,4,220
337,4,232
338,4,237
339,4,253
340,5,258
341,4,267
342,3,269
343,3,277
344,3,283
345,4,291
346,5,292
347,6,304
348,7,305
349,7,325
350,7,325
351,7,336
352,7,348
353,7,353
354,9,356
355,10,369
356,11,373
357,9,373
358,8,383
359,8,379
360,9,401
361,11,411
362,11,425
363,11,431
364,12,443
365,12,449
366,12,456
367,11,462
368,12,483
369,11,484
370,11,490
371,11,486
372,11,497
373,11,506
374,9,503
375,9,516
376,9,518
377,9,521
378,9,537
379,11,539
380,11,547
381,10,561
382,9,564
383,8,579
384,7,586
385,7,613
386,6,634
387,6,648
388,9,668
389,8,664
390,8,681
391,8,695
392,8,702
393,8,703
394,10,714
395,9,740
396,10,748
397,12,765
398,13,776
399,12,791
400,9,814
401,10,828
402,10,836
403,9,843
404,10,842
405,9,853
406,9,855
407,9,866
408,8,874
409,9,902
410,9,924
411,10,931
412,12,923
413,11,941
414,12,958
415,11,975
416,11,990
417,10,999
418,10,1001
419,8,1008
420,7,1024
421,8,1034
422,10,1046
423,9,1061
424,12,1060
425,13,1084
426,13,1084
427,15,1088
428,16,1097
429,15,1105
430,16,1121
431,15,1139
432,15,1156
433,16,1190
434,17,1202
435,16,1231
436,15,1230
437,15,1252
438,15,1256
439,15,1261
440,18,1283
441,20,1288
442,21,1322
443,21,1341
444,23,1375
445,24,1384
446,28,1389
447,28,1427
448,31,1472
449,31,1482
450,30,1515
451,36,1531
452,34,1559
453,35,1595
454,33,1629
455,36,1658
456,37,1684
457,38,1694
458,38,1716
459,45,1749
460,47,1766
461,47,1823
462,46,1828
463,47,1867
464,50,1882
465,48,1924
466,49,1939
467,48,1945
468,50,1943
469,53,1970
470,50,1966
471,49,1983
472,43,1994
473,47,1974
474,48,1957
475,49,2001
476,52,2006
477,52,2003
478,49,1984
479,46,1956
480,46,1980
481,48,1988
482,50,2001
483,45,2024
484,44,2026
485,45,2059
486,46,2024
487,44,2010
488,43,2000
489,43,2006
490,41,2012
491,41,1987
492,46,1995
493,44,1980
494,44,1950
495,44,1947
496,43,1920
497,45,1902
498,40,1913
499,41,1867
500,42,1884
501,43,1878
502,44,1860
503,44,1861
504,43,1837
505,44,1843
506,46,1821
507,46,1798
508,48,1826
509,48,1840
510,44,1827
511,45,1833
512,48,1845
513,43,1837
514,40,1829
515,43,1842
516,41,1846
517,39,1856
518,39,1885
519,40,1892
520,41,1890
521,38,1879
522,40,1867
523,37,1877
524,37,1832
525,40,1842
526,43,1809
527,45,1798
528,41,1784
529,44,1759
530,44,1766
531,47,1769
532,48,1747
533,49,1746
534,50,1712
535,50,1727
536,50,1718
537,49,1706
538,45,1710
539,45,1684
540,40,1681
541,43,1676
542,43,1667
543,46,1641
544,41,1617
545,44,1628
546,44,1616
547,45,1611
548,44,1584
549,46,1570
550,44,1574
551,46,1548
552,43,1547
553,37,1555
554,36,1541
555,35,1538
556,35,1490
557,33,1486
558,32,1470
559,32,1464
560,31,1436
561,29,1422
562,24,1395
563,23,1405
564,24,1369
565,28,1372
566,30,1369
567,31,1366
568,32,1350
569,33,1340
570,36,1340
571,33,1332
572,32,1317
573,32,1303
574,33,1282
575,34,1286
576,34,1271
577,31,1261
578,30,1242
579,27,1246
580,25,1236
581,19,1218
582,18,1203
583,23,1191
584,23,1170
585,24,1164
586,25,1136
587,24,1133
588,25,1114
589,25,1081
590,28,1069
591,28,1065
592,28,1057
593,26,1064
594,27,1046
595,26,1046
596,26,1020
597,24,1015
598,24,1005
599,24,992
600,25,993
601,25,1000
602,23,991
603,25,983
604,24,956
605,26,949
606,23,938
607,23,924
608,23,919
609,21,889
610,22,896
611,23,878
612,24,877
613,28,882
614,24,886
615,25,874
616,23,873
617,24,874
618,23,863
619,21,849
620,23,846
621,21,837
622,20,820
623,18,819
624,18,799
625,16,811
626,17,790
627,16,791
628,16,796
629,15,788
630,17,798
631,17,790
632,15,775
633,17,788
634,20,791
635,19,792
636,17,788
637,17,792
638,19,799
639,17,796
640,13,787
641,12,789
642,14,799
643,15,805
644,14,799
645,12,781
646,14,778
647,15,783
648,16,794
649,16,778
650,14,790
651,14,782
652,14,769
653,12,779
654,11,774
655,11,759
656,10,749
657,8,740
658,11,753
659,10,733
660,10,748
661,8,749
662,8,748
663,8,742
664,9,741
665,9,738
666,13,746
667,14,734
668,14,735
669,14,714
670,15,705
671,15,717
672,17,723
673,21,720
674,21,702
675,22,717
676,23,709
677,21,721
678,17,704
679,18,689
680,20,702
681,20,699
682,21,681
683,21,677
684,21,671
685,24,689
686,25,690
687,27,677
688,24,662
689,22,660
690,22,668
691,20,673
692,19,669
693,21,667
694,22,664
695,20,662
696,20,655
697,21,652
698,20,636
699,19,636
700,17,639
701,20,655
702,20,644
703,18,646
704,16,622
705,15,618
706,15,613
707,16,623
708,13,620
709,13,630
710,15,643
711,13,640
712,16,642
713,16,644
714,16,619
715,16,631
716,17,623
717,17,622
718,16,610
719,21,618
720,21,631
721,23,644
722,20,643
723,21,645
724,18,631
725,19,652
726,17,656
727,18,665
728,20,670
729,19,663
730,18,683
731,16,685
732,15,675
733,19,684
734,20,689
735,19,686
736,18,696
737,16,700
738,19,682
739,18,676
740,19,694
741,18,691
742,18,679
743,16,687
744,17,683
745,20,694
746,16,696
747,15,706
748,16,711
749,17,717
750,18,731
751,16,725
752,18,721
753,17,721
754,16,721
755,16,719
756,16,742
757,16,719
758,19,726
759,19,729
760,20,743
761,22,755
762,23,749
763,22,751
764,25,757
765,24,768
766,23,751
767,21,765
768,18,742
769,19,735
770,22,750
771,20,757
772,20,758
773,22,770
774,20,778
775,20,790
776,21,789
777,20,796
778,21,796
779,19,785
780,19,797
781,21,806
782,22,809
783,19,822
784,19,823
785,22,843
786,23,835
787,23,840
788,23,843
789,22,833
790,20,832
791,17,840
792,17,856
793,16,867
794,17,871
795,16,871
796,17,860
797,18,852
798,18,858
799,20,842
800,24,845
801,22,849
802,22,844
803,19,831
804,22,819
805,22,831
806,21,808
807,23,822
808,25,836
809,29,844
810,29,851
811,29,852
812,27,864
813,27,852
814,25,866
815,25,882
816,25,904
817,23,930
818,24,911
819,27,919
820,27,937
821,25,935
822,25,928
823,27,922
824,28,945
825,28,955
826,29,933
827,24,933
828,26,953
829,27,930
830,27,942
831,30,944
832,32,925
833,33,926
834,34,916
835,34,922
836,34,929
837,30,950
838,33,961
839,33,964
840,37,979
841,35,973
842,33,983
843,38,992
844,35,976
845,34,984
846,32,983
847,32,994
848,31,995
849,30,1008
850,31,1018
851,29,1033
852,29,1041
853,26,1028
854,27,1037
855,28,1061
856,26,1052
857,27,1057
858,28,1060
859,27,1055
860,24,1065
861,24,1058
862,25,1037
863,26,1049
864,26,1038
865,28,1055
866,26,1043
867,24,1064
868,23,1097
869,24,1097
870,24,1104
871,21,1115
872,22,1141
873,23,1138
874,22,1169
875,22,1198
876,17,1200
877,16,1205
878,16,1239
879,17,1225
880,16,1223
881,18,1214
882,18,1219
883,19,1227
884,22,1230
885,23,1233
886,22,1248
887,29,1262
888,30,1262
889,34,1268
890,32,1303
891,30,1316
892,29,1329
893,29,1336
894,29,1358
895,27,1364
896,26,1374
897,25,1373
898,26,1376
899,24,1380
900,24,1386
901,25,1382
902,24,1414
903,27,1407
904,31,1416
905,31,1437
906,29,1431
907,28,1429
908,28,1431
909,28,1438
910,28,1460
911,25,1474
912,29,1491
913,29,1504
914,29,1515
915,30,1524
916,29,1520
917,26,1520
918,29,1516
919,33,1519
920,33,1525
921,33,1520
922,33,1504
923,32,1510
924,36,1524
925,39,1550
926,38,1540
927,36,1556
928,33,1553
929,37,1537
930,38,1557
931,36,1578
932,38,1573
933,39,1595
934,38,1592
935,34,1620
936,33,1631
937,31,1657
938,32,1661
939,34,1678
940,36,1698
941,37,1741
942,34,1762
943,34,1767
944,33,1787
945,37,1812
946,31,1801
947,32,1796
948,35,1796
949,35,1816
950,39,1816
951,39,1822
952,41,1816
953,43,1815
954,44,1813
955,46,1816
956,47,1824
957,47,1817
958,46,1799
959,40,1785
960,41,1785
961,42,1803
962,38,1782
963,41,1796
964,40,1787
965,39,1804
966,40,1795
967,37,1773
968,39,1766
969,41,1762
970,39,1779
971,37,1761
972,35,1754
973,33,1745
974,33,1721
975,38,1757
976,40,1743
977,41,1745
978,40,1749
979,44,1761
980,42,1769
981,42,1757
982,43,1757
983,43,1776
984,44,1760
985,43,1774
986,46,1759
987,47,1771
988,51,1780
989,53,1757
990,52,1791
991,50,1797
992,48,1797
993,51,1800
994,50,1807
995,47,1816
996,46,1818
997,44,1832
998,45,1845
999,48,1822
1000,44,1843
1001,46,1849
1002,43,1856
1003,42,1856
1004,40,1845
1005,40,1894
1006,39,1872
1007,37,1880
1008,38,1880
1009,37,1877
1010,36,1878
1011,38,1869
1012,37,1864
1013,36,1881
1014,33,1858
1015,38,1896
1016,40,1894
1017,42,1888
1018,45,1893
1019,46,1896
1020,45,1927
1021,42,1914
1022,39,1898
1023,39,1882
1024,39,1876
1025,40,1881
1026,40,1881
1027,38,1874
1028,38,1863
1029,35,1853
1030,34,1868
1031,34,1836
1032,33,1843
1033,34,1810
1034,34,1825
1035,36,1830
1036,37,1818
1037,35,1802
1038,41,1780
1039,44,1760
1040,41,1776
1041,39,1770
1042,42,1743
1043,38,1755
1044,38,1715
1045,39,1718
1046,40,1708
1047,38,1691
1048,39,1697
1049,41,1672
1050,38,1659
1051,40,1674
1052,41,1667
1053,35,1683
1054,30,1686
1055,29,1706
1056,29,1708
1057,30,1688
1058,35,1697
1059,36,1687
1060,36,1700
1061,38,1709
1062,35,1700
1063,35,1716
1064,35,1701
1065,36,1720
1066,36,1693
1067,33,1664
1068,31,1667
1069,35,1670
1070,34,1678
1071,33,1656
1072,32,1660
1073,31,1650
1074,32,1631
1075,34,1652
1076,34,1652
1077,37,1623
1078,33,1611
1079,34,1594
1080,32,1586
1081,32,1573
1082,30,1569
1083,33,1556
1084,29,1537
1085,30,1551
1086,29,1540
1087,27,1528
1088,26,1534
1089,25,1520
1090,24,1518
1091,25,1520
1092,25,1525
1093,19,1509
1094,18,1507
1095,18,1501
1096,17,1480
1097,18,1479
1098,18,1465
1099,21,1453
1100,22,1448
1101,23,1440
1102,28,1402
1103,28,1403
1104,24,1378
1105,25,1351
1106,20,1354
1107,18,1312
1108,20,1325
1109,22,1310
1110,21,1316
1111,18,1286
1112,15,1257
1113,16,1242
1114,17,1239
1115,22,1238
1116,23,1239
1117,22,1225
1118,22,1223
1119,20,1217
1120,21,1212
1121,21,1184
1122,19,1194
1123,18,1187
1124,24,1179
1125,26,1179
1126,26,1155
1127,27,1139
1128,30,1133
1129,28,1120
1130,26,1111
1131,25,1129
1132,22,1101
1133,23,1097
1134,19,1087
1135,18,1110
1136,16,1087
1137,16,1081
1138,16,1080
1139,15,1067
1140,15,1065
1141,16,1036
1142,15,1025
1143,14,1014
1144,16,983
1145,16,986
1146,16,974
1147,20,981
1148,21,981
1149,23,955
1150,24,949
1151,20,935
1152,18,931
1153,18,913
1154,17,875
1155,18,872
1156,17,847
1157,16,836
1158,18,832
1159,17,813
1160,18,815
1161,18,818
1162,17,802
1163,15,796
1164,14,774
1165,13,786
1166,11,781
1167,13,773
1168,15,768
1169,13,748
1170,12,739
1171,11,744
1172,12,724
1173,12,709
1174,11,693
1175,11,683
1176,14,711
1177,16,710
1178,15,704
1179,18,702
1180,22,703
1181,21,707
1182,21,713
1183,19,694
1184,18,687
1185,17,684
1186,16,674
1187,18,664
1188,18,656
1189,16,653
1190,16,663
1191,17,662
1192,16,633
1193,18,636
1194,16,637
1195,16,645
1196,17,644
1197,16,654
1198,18,659
1199,19,653
1200,19,658
1201,22,643
1202,21,633
1203,23,637
1204,23,623
1205,22,626
1206,22,622
1207,19,615
1208,21,617
1209,21,614
1210,22,600
1211,21,590
1212,20,590
1213,19,590
1214,20,575
1215,19,576
1216,17,553
1217,17,539
1218,17,530
1219,17,519
1220,15,522
1221,13,507
1222,11,497
1223,10,499
1224,11,485
1225,11,484
1226,12,493
1227,15,486
1228,15,477
1229,15,469
1230,21,465
1231,20,450
1232,19,440
1233,18,437
1234,17,423
1235,20,425
1236,20,408
1237,21,408
1238,20,403
1239,18,385
1240,16,389
1241,17,377
1242,14,371
1243,13,372
1244,11,370
1245,9,367
1246,8,359
1247,7,360
1248,7,356
1249,8,345
1250,9,341
1251,11,342
1252,10,329
1253,11,334
1254,10,324
1255,9,328
1256,10,334
1257,9,330
1258,11,327
1259,10,316
1260,10,321
1261,8,311
1262,5,301
1263,5,302
1264,5,290
1265,4,289
1266,6,293
1267,6,291
1268,6,297
1269,6,291
1270,5,286
1271,4,280
1272,3,275
1273,3,275
1274,4,273
1275,3,277
1276,3,274
1277,3,276
1278,3,280
1279,2,275
1280,3,269
1281,4,256
1282,6,237
1283,5,242
1284,7,238
1285,9,244
1286,11,242
1287,11,243
1288,11,245
1289,13,237
1290,15,254
1291,15,249
1292,17,253
1293,18,251
1294,17,247
1295,16,252
1296,16,252
1297,15,245
1298,15,245
1299,15,247
1300,12,238
1301,14,239
1302,13,237
1303,11,234
1304,9,233
1305,9,238
1306,7,225
1307,6,218
1308,5,218
1309,4,210
1310,5,213
1311,6,207
1312,6,206
1313,6,206
1314,7,196
1315,7,200
1316,7,196
1317,6,194
1318,6,188
1319,5,182
1320,5,184
1321,4,188
1322,3,189
1323,2,189
1324,3,193
1325,3,184
1326,3,184
1327,3,182
1328,3,173
1329,3,178
1330,3,174
1331,5,170
1332,6,170
1333,6,164
1334,5,168
1335,5,165
1336,4,164
1337,4,159
1338,4,152
1339,4,143
1340,5,146
1341,5,150
1342,5,144
1343,5,139
1344,4,139
1345,3,144
1346,3,144
1347,3,140
1348,4,139
1349,4,127
1350,4,136
1351,4,134
1352,3,126
1353,3,124
1354,2,122
1355,2,122
1356,1,124
1357,2,123
1358,2,118
1359,2,115
1360,2,117
1361,1,108
1362,1,105
1363,3,105
1364,3,103
1365,3,98
1366,3,98
1367,3,102
1368,3,101
1369,3,102
1370,5,101
1371,4,97
1372,3,90
1373,3,95
1374,2,93
1375,2,90
1376,2,88
1377,2,85
1378,2,83
1379,2,85
1380,2,84
1381,1,82
1382,1,77
1383,1,76
1384,1,76
1385,1,73
1386,1,75
1387,1,73
1388,1,70
1389,1,63
1390,1,63
1391,1,61
1392,1,61
1393,2,58
1394,2,60
1395,2,59
1396,2,58
1397,2,59
1398,1,55
1399,1,54
1400,1,52
1401,2,52
1402,1,50
1403,1,51
1404,1,52
1405,1,51
1406,1,48
1407,1,48
1408,1,47
1409,1,44
1410,1,45
1411,1,44
1412,0,45
1413,0,44
1414,0,42
1415,0,41
1416,0,41
1417,0,39
1418,0,40
1419,0,38
1420,0,36
1421,0,38
1422,0,37
1423,0,35
1424,0,31
1425,2,32
1426,2,28
1427,3,29
1428,3,31
1429,2,31
1430,2,31
1431,2,30
1432,2,29
1433,2,30
1434,2,30
1435,2,31
1436,2,32
1437,2,31
1438,2,26
1439,2,27
1440,2,28
1441,2,29
1442,1,27
1443,1,31
1444,1,33
1445,0,33
1446,0,34
1447,0,33
1448,0,33
1449,0,31
1450,1,33
1451,1,34
1452,0,35
1453,0,36
1454,0,37
1455,0,36
1456,0,38
1457,1,36
1458,1,33
1459,1,33
1460,1,33
1461,1,31
1462,2,30
1463,1,29
1464,1,30
1465,1,30
1466,1,28
1467,1,28
1468,1,29
1469,1,28
1470,1,28
1471,1,28
1472,1,28
1473,1,25
1474,1,24
1475,1,22
1476,1,20
1477,0,17
1478,0,16
1479,0,16
1480,0,16
1481,0,15
1482,0,15
1483,0,14
1484,0,13
1485,0,12
1486,0,11
1487,0,12
1488,0,12
1489,0,12
1490,0,11
1491,0,10
1492,0,11
1493,0,10
1494,0,8
1495,0,9
1496,0,8
1497,0,8
1498,0,9
1499,0,9
1500,0,9
1501,0,9
1502,0,9
1503,0,8
1504,0,7
1505,0,8
1506,0,7
1507,0,6
1508,0,6
1509,0,6
1510,0,6
1511,0,5
1512,0,5
1513,0,5
1514,0,5
1515,0,5
1516,0,5
1517,0,5
1518,0,5
1519,0,5
1520,0,5
1521,0,6
1522,0,7
1523,0,7
1524,0,7
1525,0,7
1526,0,7
1527,0,7
1528,0,7
1529,0,6
1530,0,6
1531,0,6
1532,0,5
1533,0,5
1534,0,5
1535,0,5
1536,0,5
1537,0,4
1538,0,3
1539,0,2
1540,0,2
1541,0,2
1542,0,2
1543,0,2
1544,0,3
1545,0,3
1546,0,4
1547,0,3
1548,0,3
1549,0,3
1550,0,3
1551,0,3
1552,0,3
1553,0,3
1554,0,3
1555,0,3
1556,0,3
1557,0,3
1558,0,3
1559,0,3
1560,0,3
1561,0,4
1562,0,4
1563,0,4
1564,0,4
1565,0,4
1566,0,4
1567,0,4
1568,0,4
1569,0,3
1570,0,3
1571,0,3
1572,0,2
1573,0,1
1574,0,1
1575,0,1
1576,0,1
1577,0,1
1578,0,1
1579,0,1
1580,0,1
1581,0,2
1582,0,2
1583,0,2
1584,0,2
1585,0,2
1586,0,2
1587,0,2
1588,0,2
1589,0,2
1590,0,2
1591,0,2
1592,0,2
1593,0,2
1594,0,2
1595,0,2
1596,0,2
1597,0,2
1598,0,2
1599,0,2
1600,0,2
1601,0,2
1602,0,2
1603,0,2
1604,0,2
1605,0,2
1606,0,2
1607,0,2
1608,0,2
1609,0,2
1610,0,2
1611,0,2
1612,0,2
1613,0,2
1614,0,2
1615,0,2
1616,0,2
1617,0,2
1618,0,2
1619,0,2
1620,0,2
1621,0,2
1622,0,2
1623,0,2
1624,0,2
1625,0,2
1626,0,2
1627,0,2
1628,0,2
1629,0,2
1630,0,2
1631,0,2
1632,0,2
1633,0,2
1634,0,2
1635,0,2
1636,0,2
1637,0,2
1638,0,2
1639,0,2
1640,0,2
1641,0,2
1642,0,2
1643,0,2
1644,0,2
1645,0,2
1646,0,2
1647,0,2
1648,0,2
1649,0,2
1650,0,2
1651,0,2
1652,0,2
1653,0,2
1654,0,3
1655,0,3
1656,0,3
1657,0,3
1658,0,3
1659,0,3
1660,0,3
1661,0,3
1662,0,3
1663,0,3
1664,0,3
1665,0,3
1666,0,3
1667,0,3
1668,0,3
1669,0,3
1670,0,3
1671,0,3
1672,0,3
1673,0,3
1674,0,3
1675,0,3
1676,0,3
1677,0,3
1678,0,3
1679,0,3
1680,0,3
1681,0,3
1682,0,3
1683,0,3
1684,0,3
1685,0,3
1686,0,3
1687,0,3
1688,0,3
1689,0,3
1690,0,3
1691,0,3
1692,0,3
1693,0,3
1694,0,3
1695,0,3
1696,0,3
1697,0,3
1698,0,3
1699,0,3
1700,0,3
1701,0,3
1702,0,3
1703,0,3
1704,0,3
1705,0,3
1706,0,3
1707,0,3
1708,0,2
1709,0,2
1710,0,2
1711,0,2
1712,0,2
1713,0,2
1714,0,2
1715,0,2
1716,0,2
1717,0,2
1718,0,2
1719,0,2
1720,0,2
1721,0,2
1722,0,2
1723,0,2
1724,0,2
1725,0,2
1726,0,2
1727,0,2
1728,0,2
1729,0,2
1730,0,2
1731,0,2
1732,0,2
1733,0,2
1734,0,2
1735,0,2
1736,0,2
1737,0,2
1738,0,2
1739,0,2
1740,0,2
1741,0,2
1742,0,1
1743,0,1
1744,0,1
1745,0,1
1746,0,1
1747,0,1
1748,0,1
1749,0,1
1750,0,1
1751,0,1
1752,0,1
1753,0,1
1754,0,1
1755,0,1
1756,0,1
1757,0,1
1758,0,1
1759,0,1
1760,0,1
1761,0,1
1762,0,1
1763,0,1
1764,0,1
1765,0,1
1766,0,1
1767,0,2
1768,0,1
1769,0,1
1770,0,1
1771,0,1
1772,0,1
1773,0,1
1774,0,1
1775,0,1
1776,0,1
1777,0,1
1778,0,1
1779,0,1
1780,0,1
1781,0,1
1782,0,1
1783,0,1
1784,0,1
1785,0,1
1786,0,1
1787,0,1
1788,0,1
1789,0,1
1790,0,1
1791,0,1
1792,0,1
1793,0,1
1794,0,1
1795,0,1
1796,0,1
1797,0,1
1798,0,1
1799,0,1
1800,0,1
1801,0,1
1802,0,1
1803,0,1
1804,0,1
1805,0,1
1806,0,1
1807,0,0
1808,0,0
1809,0,0
1810,0,0
1811,0,0
1812,0,0
1813,0,0
1814,0,0
1815,0,0
1816,0,0
1817,0,0
1818,0,0
1819,0,0
1820,0,0
1821,0,0
1822,0,0
1823,0,0
1824,0,0
1825,0,0
1826,0,0
1827,0,0
1828,0,0
1829,0,0
1830,0,0
1831,0,0
1832,0,0
1833,0,0
1834,0,0
1835,0,0
1836,0,0
1837,0,0
1838,0,0
1839,0,0
1840,0,0
1841,0,0
1842,0,0
1843,0,0
1844,0,0
1845,0,0
1846,0,0
1847,0,0
1848,0,0
1849,0,0
1850,0,0
1851,0,0
1852,0,0
1853,0,0
1854,0,0
1855,0,0
1856,0,0
1857,0,0
1858,0,0
1859,0,0
1860,0,0
1861,0,0
1862,0,0
1863,0,0
1864,0,0
1865,0,0
1866,0,0
1867,0,0
1868,0,0
1869,0,0
1870,0,0
1871,0,0
1872,0,0
1873,0,0
1874,0,0
1875,0,0
1876,0,0
1877,0,0
1878,0,0
1879,0,0
1880,0,0
1881,0,0
1882,0,0
1883,0,0
1884,0,0
1885,0,0
1886,0,0
1887,0,0
1888,0,0
1889,0,0
1890,0,0
1891,0,0
1892,0,0
1893,0,0
1894,0,0
1895,0,0
1896,0,0
1897,0,0
1898,0,0
1899,0,0
1900,0,0
1901,0,0
1902,0,0
1903,0,0
1904,0,0
1905,0,0
1906,0,0
1907,0,0
1908,0,0
1909,0,0
1910,0,0
1911,0,0
1912,0,0
1913,0,0
1914,0,0
1915,0,0
1916,0,0
1917,0,0
1918,0,0
1919,0,0
1920,0,0
1921,0,0
1922,0,0
1923,0,0
1924,0,0
1925,0,0
1926,0,0
1927,0,0
1928,0,0
1929,0,0
1930,0,0
1931,0,0
1932,0,0
1933,0,0
1934,0,0
1935,0,0
1936,0,0
1937,0,0
1938,0,0
1939,0,0
1940,0,0
1941,0,0
1942,0,0
1943,0,0
1944,0,0
1945,0,0
1946,0,0
1947,0,0
1948,0,0
1949,0,0
1950,0,0
1951,0,0
1952,0,0
1953,0,0
1954,0,0
1955,0,0
1956,0,0
1957,0,0
1958,0,0
1959,0,0
1960,0,0
1961,0,0
1962,0,0
1963,0,0
1964,0,0
1965,0,0
1966,0,0
1967,0,0
1968,0,0
1969,0,0
1970,0,0
1971,0,0
1972,0,0
1973,0,0
1974,0,0
1975,0,0
1976,0,0
1977,0,0
1978,0,0
1979,0,0
1980,0,0
1981,0,0
1982,0,0
1983,0,0
1984,0,0
1985,0,0
1986,0,0
1987,0,0
1988,0,0
1989,0,0
1990,0,0
1991,0,0
1992,0,0
1993,0,0
1994,0,0
1995,0,0
1996,0,0
1997,0,0
1998,0,0
1999,0,0
2000,0,0
2001,0,0
2002,0,0
2003,0,0
2004,0,0
2005,0,0
2006,0,0
2007,0,0
2008,0,0
2009,0,0
2010,0,0
2011,0,0
2012,0,0
2013,0,0
2014,0,0
2015,0,0
2016,0,0
2017,0,0
2018,0,0
2019,0,0
2020,0,0
2021,0,0
2022,0,0
2023,0,0
2024,0,0
2025,0,0
2026,0,0
2027,0,0
2028,0,0
2029,0,0
2030,0,0
2031,0,0
2032,0,0
2033,0,0
2034,0,0
2035,0,0
2036,0,0
2037,0,0
2038,0,0
2039,0,0
2040,0,0
2041,0,0
2042,0,0
2043,0,0
2044,0,0
2045,0,0
2046,0,0
2047,0,0
2048,0,0
2049,0,0
2050,0,0
2051,0,0
2052,0,0
2053,0,0
2054,0,0
2055,0,0
2056,0,0
2057,0,0
2058,0,0
2059,0,0
2060,0,0
2061,0,0
2062,0,0
2063,0,0
2064,0,0
2065,0,0
2066,0,0
2067,0,0
2068,0,0
2069,0,0
2070,0,0
2071,0,0
2072,0,0
2073,0,0
2074,0,0
2075,0,0
2076,0,0
2077,0,0
2078,0,0
2079,0,0
2080,0,0
2081,0,0
2082,0,0
2083,0,0
2084,0,0
2085,0,0
2086,0,0
2087,0,0
2088,0,0
2089,0,0
2090,0,0
2091,0,0
2092,0,0
2093,0,0
2094,0,0
2095,0,0
2096,0,0
2097,0,0
2098,0,0
2099,0,0
2100,0,0
2101,0,0
2102,0,0
2103,0,0
2104,0,0
2105,0,0
2106,0,0
2107,0,0
2108,0,0
2109,0,0
2110,0,0
2111,0,0
2112,0,0
2113,0,0
2114,0,0
2115,0,0
2116,0,0
2117,0,0
2118,0,0
2119,0,0
2120,0,0
2121,0,0
2122,0,0
2123,0,0
2124,0,0
2125,0,0
2126,0,0
2127,0,0
2128,0,0
2129,0,0
2130,0,0
2131,0,0
2132,0,0
2133,0,0
2134,0,0
2135,0,0
2136,0,0
2137,0,0
2138,0,0
2139,0,0
2140,0,0
2141,0,0
2142,0,0
2143,0,0
2144,0,0
2145,0,0
2146,0,0
2147,0,0
2148,0,0
2149,0,0
2150,0,0
2151,0,0
2152,0,0
2153,0,0
2154,0,0
2155,0,0
2156,0,0
2157,0,0
2158,0,0
2159,0,0
2160,0,0
2161,0,0
2162,0,0
2163,0,0
2164,0,0
2165,0,0
2166,0,0
2167,0,0
2168,0,0
2169,0,0
2170,0,0
2171,0,0
2172,0,0
2173,0,0
2174,0,0
2175,0,0
2176,0,0
2177,0,0
2178,0,0
2179,0,0
2180,0,0
2181,0,0
2182,0,0
2183,0,0
2184,0,0
2185,0,0
2186,0,0
2187,0,0
2188,0,0
2189,0,0
2190,0,0
2191,0,0
2192,0,0
2193,0,0
2194,0,0
2195,0,0
2196,0,0
2197,0,0
2198,0,0
2199,0,0
2200,0,0
2201,0,0
2202,0,0
2203,0,0
2204,0,0
2205,0,0
2206,0,0
2207,0,0
2208,0,0
2209,0,0
2210,0,0
2211,0,0
2212,0,0
2213,0,0
2214,0,0
2215,0,0
2216,0,0
2217,0,0
2218,0,0
2219,0,0
2220,0,0
2221,0,0
2222,0,0
2223,0,0
2224,0,0
2225,0,0
2226,0,0
2227,0,0
2228,0,0
2229,0,0
2230,0,0
2231,0,0
2232,0,0
2233,0,0
2234,0,0
2235,0,0
2236,0,0
2237,0,0
2238,0,0
2239,0,0
2240,0,0
2241,0,0
2242,0,0
2243,0,0
2244,0,0
2245,0,0
2246,0,0
2247,0,0
2248,0,0
2249,0,0
2250,0,0
2251,0,0
2252,0,0
2253,0,0
2254,0,0
2255,0,0
2256,0,0
2257,0,0
2258,0,0
2259,0,0
2260,0,0
2261,0,0
2262,0,0
2263,0,0
2264,0,0
2265,0,0
2266,0,0
2267,0,0
2268,0,0
2269,0,0
2270,0,0
2271,0,0
2272,0,0
2273,0,0
2274,0,0
2275,0,0
2276,0,0
2277,0,0
2278,0,0
2279,0,0
2280,0,0
2281,0,0
2282,0,0
2283,0,0
2284,0,0
2285,0,0
2286,0,0
2287,0,0
2288,0,0
2289,0,0
2290,0,0
2291,0,0
2292,0,0
2293,0,0
2294,0,0
2295,0,0
2296,0,0
2297,0,0
2298,0,0
2299,0,0
2300,0,0
2301,0,0
2302,0,0
2303,0,0
2304,0,0
2305,0,0
2306,0,0
2307,0,0
2308,0,0
2309,0,0
2310,0,0
2311,0,0
2312,0,0
2313,0,0
2314,0,0
2315,0,0
2316,0,0
2317,0,0
2318,0,0
2319,0,0
2320,0,0
2321,0,0
2322,0,0
2323,0,0
2324,0,0
2325,0,0
2326,0,0
2327,0,0
2328,0,0
2329,0,0
2330,0,0
2331,0,0
2332,0,0
2333,0,0
2334,0,0
2335,0,0
2336,0,0
2337,0,0
2338,0,0
2339,0,0
2340,0,0
2341,0,0
2342,0,0
2343,0,0
2344,0,0
2345,0,0
2346,0,0
2347,0,0
2348,0,0
2349,0,0
2350,0,0
2351,0,0
2352,0,0
2353,0,0
2354,0,0
2355,0,0
2356,0,0
2357,0,0
2358,0,0
2359,0,0
2360,0,0
2361,0,0
2362,0,0
2363,0,0
2364,0,0
2365,0,0
2366,0,0
2367,0,0
2368,0,0
2369,0,0
2370,0,0
2371,0,0
2372,0,0
2373,0,0
2374,0,0
2375,0,0
2376,0,0
2377,0,0
2378,0,0
2379,0,0
2380,0,0
2381,0,0
2382,0,0
2383,0,0
2384,0,0
2385,0,0
2386,0,0
2387,0,0
2388,0,0
2389,0,0
2390,0,0
2391,0,0
2392,0,0
2393,0,0
2394,0,0
2395,0,0
2396,0,0
2397,0,0
2398,0,0
2399,0,0
2400,0,0
2401,0,0
2402,0,0
2403,0,0
2404,0,0
2405,0,0
2406,0,0
2407,0,0
2408,0,0
2409,0,0
2410,0,0
2411,0,0
2412,0,0
2413,0,0
2414,0,0
2415,0,0
2416,0,0
2417,0,0
2418,0,0
2419,0,0
2420,0,0
2421,0,0
2422,0,0
2423,0,0
2424,0,0
2425,0,0
2426,0,0
2427,0,0
2428,0,0
2429,0,0
2430,0,0
2431,0,0
2432,0,0
2433,0,0
2434,0,0
2435,0,0
2436,0,0
2437,0,0
2438,0,0
2439,0,0
2440,0,0
2441,0,0
2442,0,0
2443,0,0
2444,0,0
2445,0,0
2446,0,0
2447,0,0
2448,0,0
2449,0,0
2450,0,0
2451,0,0
2452,0,0
2453,0,0
2454,0,0
2455,0,0
2456,0,0
2457,0,0
2458,0,0
2459,0,0
2460,0,0
2461,0,0
2462,0,0
2463,0,0
2464,0,0
2465,0,0
2466,0,0
2467,0,0
2468,0,0
2469,0,0
2470,0,0
2471,0,0
2472,0,0
2473,0,0
2474,0,0
2475,0,0
2476,0,0
2477,0,0
2478,0,0
2479,0,0
2480,0,0
2481,0,0
2482,0,0
2483,0,0
2484,0,0
2485,0,0
2486,0,0
2487,0,0
2488,0,0
2489,0,0
2490,0,0
2491,0,0
2492,0,0
2493,0,0
2494,0,0
2495,0,0
2496,0,0
2497,0,0
2498,0,0
2499,0,0
2500,0,0
2501,0,0
2502,0,0
2503,0,0
2504,0,0
2505,0,0
2506,0,0
2507,0,0
2508,0,0
2509,0,0
2510,0,0
2511,0,0
2512,0,0
2513,0,0
2514,0,0
2515,0,0
2516,0,0
2517,0,0
2518,0,0
2519,0,0
2520,0,0
2521,0,0
2522,0,0
2523,0,0
2524,0,0
2525,0,0
2526,0,0
2527,0,0
2528,0,0
2529,0,0
2530,0,0
2531,0,0
2532,0,0
2533,0,0
2534,0,0
2535,0,0
2536,0,0
2537,0,0
2538,0,0
2539,0,0
2540,0,0
2541,0,0
2542,0,0
2543,0,0
2544,0,0
2545,0,0
2546,0,0
2547,0,0
2548,0,0
2549,0,0
2550,0,0
2551,0,0
2552,0,0
2553,0,0
2554,0,0
2555,0,0
2556,0,0
2557,0,0
2558,0,0
2559,0,0
2560,0,0
2561,0,0
2562,0,0
2563,0,0
2564,0,0
2565,0,0
2566,0,0
2567,0,0
2568,0,0
2569,0,0
2570,0,0
2571,0,0
2572,0,0
2573,0,0
2574,0,0
2575,0,0
2576,0,0
2577,0,0
2578,0,0
2579,0,0
2580,0,0
2581,0,0
2582,0,0
2583,0,0
2584,0,0
2585,0,0
2586,0,0
2587,0,0
2588,0,0
2589,0,0
2590,0,0
2591,0,0
2592,0,0
2593,0,0
2594,0,0
2595,0,0
2596,0,0
2597,0,0
2598,0,0
2599,0,0
2600,0,0
2601,0,0
2602,0,0
2603,0,0
2604,0,0
2605,0,0
2606,0,0
2607,0,0
2608,0,0
2609,0,0
2610,0,0
2611,0,0
2612,0,0
2613,0,0
2614,0,0
2615,0,0
2616,0,0
2617,0,0
2618,0,0
2619,0,0
2620,0,0
2621,0,0
2622,0,0
2623,0,0
2624,0,0
2625,0,0
2626,0,0
2627,0,0
2628,0,0
2629,0,0
2630,0,0
2631,0,0
2632,0,0
2633,0,0
2634,0,0
2635,0,0
2636,0,0
2637,0,0
2638,0,0
2639,0,0
2640,0,0
2641,0,0
2642,0,0
2643,0,0
2644,0,0
2645,0,0
2646,0,0
2647,0,0
2648,0,0
2649,0,0
2650,0,0
2651,0,0
2652,0,0
2653,0,0
2654,0,0
2655,0,0
2656,0,0
2657,0,0
2658,0,0
2659,0,0
2660,0,0
2661,0,0
2662,0,0
2663,0,0
2664,0,0
2665,0,0
2666,0,0
2667,0,0
2668,0,0
2669,0,0
2670,0,0
2671,0,0
2672,0,0
2673,0,0
2674,0,0
2675,0,0
2676,0,0
2677,0,0
2678,0,0
2679,0,0
2680,0,0
2681,0,0
2682,0,0
2683,0,0
2684,0,0
2685,0,0
2686,0,0
2687,0,0
2688,0,0
2689,0,0
2690,0,0
2691,0,0
2692,0,0
2693,0,0
2694,0,0
2695,0,0
2696,0,0
2697,0,0
2698,0,0
2699,0,0
2700,0,0
2701,0,0
2702,0,0
2703,0,0
2704,0,0
2705,0,0
2706,0,0
2707,0,0
2708,0,0
2709,0,0
2710,0,0
2711,0,0
2712,0,0
2713,0,0
2714,0,0
2715,0,0
2716,0,0
2717,0,0
2718,0,0
2719,0,0
2720,0,0
2721,0,0
2722,0,0
2723,0,0
2724,0,0
2725,0,0
2726,0,0
2727,0,0
2728,0,0
2729,0,0
2730,0,0
2731,0,0
2732,0,0
2733,0,0
2734,0,0
2735,0,0
2736,0,0
2737,0,0
2738,0,0
2739,0,0
2740,0,0
2741,0,0
2742,0,0
2743,0,0
2744,0,0
2745,0,0
2746,0,0
2747,0,0
2748,0,0
2749,0,0
2750,0,0
2751,0,0
2752,0,0
2753,0,0
2754,0,0
2755,0,0
2756,0,0
2757,0,0
2758,0,0
2759,0,0
2760,0,0
2761,0,0
2762,0,0
2763,0,0
2764,0,0
2765,0,0
2766,0,0
2767,0,0
2768,0,0
2769,0,0
2770,0,0
2771,0,0
2772,0,0
2773,0,0
2774,0,0
2775,0,0
2776,0,0
2777,0,0
2778,0,0
2779,0,0
2780,0,0
2781,0,0
2782,0,0
2783,0,0
2784,0,0
2785,0,0
2786,0,0
2787,0,0
2788,0,0
2789,0,0
2790,0,0
2791,0,0
2792,0,0
2793,0,0
2794,0,0
2795,0,0
2796,0,0
2797,0,0
2798,0,0
2799,0,0
2800,0,0
2801,0,0
2802,0,0
2803,0,0
2804,0,0
2805,0,0
2806,0,0
2807,0,0
2808,0,0
2809,0,0
2810,0,0
2811,0,0
2812,0,0
2813,0,0
2814,0,0
2815,0,0
2816,0,0
2817,0,0
2818,0,0
2819,0,0
2820,0,0
2821,0,0
2822,0,0
2823,0,0
2824,0,0
2825,0,0
2826,0,0
2827,0,0
2828,0,0
2829,0,0
2830,0,0
2831,0,0
2832,0,0
2833,0,0
2834,0,0
2835,0,0
2836,0,0
2837,0,0
2838,0,0
2839,0,0
2840,0,0
2841,0,0
2842,0,0
2843,0,0
2844,0,0
2845,0,0
2846,0,0
2847,0,0
2848,0,0
2849,0,0
2850,0,0
2851,0,0
2852,0,0
2853,0,0
2854,0,0
2855,0,0
2856,0,0
2857,0,0
2858,0,0
2859,0,0
2860,0,0
2861,0,0
2862,0,0
2863,0,0
2864,0,0
2865,0,0
2866,0,0
2867,0,0
2868,0,0
2869,0,0
2870,0,0
2871,0,0
2872,0,0
2873,0,0
2874,0,0
2875,0,0
2876,0,0
2877,0,0
2878,0,0
2879,0,0
