Minute,Util_S41,Util_PT
0,0,0
1,0,0
2,0,0
3,0,0
4,0,0
5,0,0
6,0,0
7,0,0
8,0,0
9,0,0
10,0,0
11,0,0
12,0,0
13,0,0
14,0,0
15,0,0
16,0,0
17,0,0
18,0,0
19,0,0
20,0,0
21,0,0
22,0,0
23,0,0
24,0,0
25,0,0
26,0,0
27,0,0
28,0,0
29,0,0
30,0,0
31,0,0
32,0,0
33,0,0
34,0,0
35,0,0
36,0,0
37,0,0
38,0,0
39,0,0
40,0,0
41,0,0
42,0,0
43,0,0
44,0,0
45,0,0
46,0,0
47,0,0
48,0,0
49,0,0
50,0,0
51,0,0
52,0,0
53,0,0
54,0,0
55,0,0
56,0,0
57,0,0
58,0,0
59,0,0
60,0,0
61,0,0
62,0,0
63,0,0
64,0,0
65,0,0
66,0,0
67,0,0
68,0,0
69,0,0
70,0,0
71,0,0
72,0,0
73,0,0
74,0,0
75,0,0
76,0,0
77,0,0
78,0,0
79,0,0
80,0,0
81,0,0
82,0,0
83,0,0
84,0,0
85,0,0
86,0,0
87,0,0
88,0,0
89,0,0
90,0,0
91,0,0
92,0,0
93,0,0
94,0,0
95,0,0
96,0,0
97,0,0
98,0,0
99,0,0
100,0,0
101,0,0
102,0,0
103,0,0
104,0,0
105,0,0
106,0,0
107,0,0
108,0,0
109,0,0
110,0,0
111,0,0
112,0,0
113,0,0
114,0,0
115,0,0
116,0,0
117,0,0
118,0,0
119,0,0
120,0,0
121,0,0
122,0,0
123,0,0
124,0,0
125,0,0
126,0,0
127,0,0
128,0,0
129,0,0
130,0,0
131,0,0
132,0,0
133,0,0
134,0,0
135,0,0
136,0,0
137,0,0
138,0,0
139,0,0
140,0,0
141,0,0
142,0,0
143,0,0
144,0,0
145,0,0
146,0,0
147,0,0
148,0,0
149,0,0
150,0,0
151,0,0
152,0,0
153,0,0
154,0,0
155,0,0
156,0,0
157,0,0
158,0,0
159,0,0
160,0,0
161,0,0
162,0,0
163,0,0
164,0,0
165,0,0
166,0,0
167,0,0
168,0,1
169,0,1
170,0,1
171,0,2
172,0,2
173,0,2
174,0,2
175,0,2
176,0,2
177,0,2
178,0,2
179,0,2
180,0,3
181,0,3
182,0,3
183,0,3
184,0,3
185,0,4
186,0,4
187,0,4
188,0,4
189,0,4
190,0,4
191,0,5
192,0,5
193,0,5
194,0,5
195,0,5
196,0,6
197,0,6
198,0,6
199,0,6
200,0,6
201,0,6
202,0,6
203,0,6
204,0,6
205,0,6
206,0,6
207,0,7
208,0,7
209,0,8
210,0,8
211,0,7
212,0,7
213,0,7
214,0,7
215,0,7
216,0,7
217,0,7
218,0,9
219,0,10
220,0,10
221,0,10
222,0,10
223,0,9
224,0,9
225,0,9
226,0,9
227,0,9
228,0,9
229,0,9
230,0,9
231,0,9
232,0,10
233,0,10
234,0,10
235,0,9
236,0,10
237,0,11
238,0,13
239,0,12
240,0,12
241,0,11
242,0,11
243,0,11
244,0,12
245,0,13
246,0,13
247,0,13
248,0,14
249,0,14
250,0,14
251,0,14
252,0,15
253,0,15
254,0,15
255,0,15
256,0,15
257,0,15
258,0,15
259,0,15
260,0,14
261,0,16
262,0,15
263,0,18
264,0,19
265,0,19
266,0,22
267,0,22
268,0,23
269,0,24
270,0,25
271,0,26
272,0,28
273,1,25
274,1,27
275,1,29
276,1,30
277,1,30
278,1,33
279,2,37
280,2,39
281,2,41
282,2,44
283,2,48
284,2,48
285,4,53
286,5,56
287,5,57
288,5,61
289,4,59
290,3,62
291,3,64
292,3,68
293,3,68
294,2,68
295,2,70
296,2,74
297,2,77
298,2,84
299,2,85
300,2,86
301,3,89
302,3,90
303,4,92
304,4,98
305,4,98
306,3,98
307,4,103
308,3,102
309,4,103
310,4,104
311,4,110
312,4,116
313,6,121
314,6,124
315,7,130
316,7,133
317,7,137
318,7,136
319,7,140
320,6,145
321,6,146
322,6,145
323,6,151
324,5,153
325,6,161
326,6,166
327,6,170
328,6,174
329,5,176
330,5,181
331,5,184
332,6,191
333,7,195
334,7,197
335,7,211
336,7,217
337,7,228
338,8,239
339,8,248
340,9,251
341,9,261
342,8,265
343,7,275
344,8,281
345,7,291
346,7,296
347,7,310
348,6,315
349,7,323
350,5,325
351,5,333
352,5,344
353,4,345
354,4,355
355,5,365
356,5,363
357,6,366
358,7,378
359,7,376
360,7,397
361,8,407
362,9,419
363,11,425
364,11,434
365,10,446
366,9,458
367,10,466
368,11,484
369,11,487
370,11,493
371,9,498
372,9,500
373,9,512
374,9,508
375,11,523
376,12,526
377,12,530
378,13,538
379,14,540
380,13,544
381,13,566
382,13,572
383,14,591
384,13,600
385,15,619
386,15,637
387,18,648
388,21,676
389,20,674
390,22,688
391,21,706
392,20,711
393,19,706
394,20,720
395,21,742
396,20,754
397,22,766
398,21,773
399,21,796
400,21,816
401,22,825
402,24,834
403,24,840
404,25,843
405,28,862
406,30,858
407,30,871
408,31,875
409,32,902
410,33,922
411,35,931
412,34,922
413,35,942
414,34,955
415,34,971
416,34,986
417,35,991
418,36,994
419,33,1007
420,32,1026
421,33,1035
422,33,1047
423,31,1064
424,26,1063
425,25,1078
426,24,1077
427,25,1073
428,25,1095
429,25,1102
430,25,1119
431,26,1142
432,28,1165
433,29,1194
434,28,1202
435,27,1232
436,25,1240
437,26,1247
438,27,1249
439,28,1267
440,27,1290
441,28,1312
442,30,1340
443,31,1355
444,35,1396
445,37,1405
446,36,1407
447,36,1444
448,38,1469
449,38,1487
450,36,1511
451,36,1543
452,37,1580
453,40,1613
454,45,1641
455,44,1663
456,46,1679
457,53,1706
458,52,1733
459,59,1769
460,62,1789
461,60,1827
462,61,1830
463,58,1853
464,61,1862
465,64,1902
466,68,1917
467,71,1930
468,71,1931
469,67,1953
470,67,1950
471,69,1962
472,72,1982
473,72,1956
474,69,1952
475,71,1997
476,72,1997
477,74,1993
478,68,1967
479,66,1950
480,66,1973
481,64,1978
482,67,1988
483,67,2010
484,67,2009
485,68,2040
486,67,2009
487,71,2004
488,73,2001
489,75,1996
490,72,1999
491,69,1976
492,73,1969
493,70,1944
494,70,1925
495,71,1921
496,75,1895
497,75,1882
498,75,1900
499,68,1865
500,64,1871
501,64,1857
502,63,1847
503,63,1841
504,63,1820
505,62,1835
506,67,1820
507,74,1805
508,78,1832
509,76,1835
510,77,1829
511,72,1835
512,74,1866
513,70,1856
514,69,1837
515,66,1845
516,67,1854
517,67,1866
518,62,1898
519,67,1900
520,66,1894
521,68,1890
522,69,1874
523,77,1869
524,77,1836
525,74,1840
526,71,1808
527,69,1792
528,72,1779
529,68,1752
530,64,1767
531,65,1770
532,64,1747
533,68,1739
534,70,1693
535,67,1712
536,62,1703
537,60,1689
538,58,1706
539,57,1683
540,59,1665
541,64,1654
542,67,1650
543,64,1638
544,59,1616
545,59,1625
546,60,1617
547,58,1603
548,51,1579
549,45,1568
550,44,1570
551,36,1539
552,35,1531
553,41,1542
554,42,1531
555,41,1531
556,41,1482
557,44,1475
558,43,1468
559,43,1452
560,36,1426
561,35,1417
562,34,1393
563,38,1403
564,38,1369
565,38,1371
566,45,1370
567,51,1363
568,52,1347
569,47,1339
570,44,1339
571,45,1325
572,46,1321
573,48,1308
574,46,1286
575,46,1293
576,48,1274
577,52,1265
578,49,1243
579,48,1247
580,49,1234
581,45,1206
582,48,1188
583,47,1177
584,45,1145
585,43,1139
586,43,1110
587,47,1110
588,44,1102
589,41,1086
590,42,1063
591,40,1066
592,40,1061
593,36,1067
594,36,1047
595,35,1046
596,30,1023
597,28,1016
598,29,1012
599,28,984
600,26,986
601,23,996
602,24,980
603,26,976
604,25,957
605,22,944
606,21,926
607,20,914
608,22,914
609,19,890
610,21,897
611,16,877
612,16,882
613,16,881
614,16,890
615,15,885
616,14,870
617,13,873
618,13,864
619,15,844
620,15,853
621,15,835
622,17,816
623,18,825
624,19,809
625,19,823
626,22,804
627,25,801
628,24,812
629,23,801
630,22,805
631,19,794
632,18,788
633,19,792
634,21,796
635,23,800
636,23,796
637,23,796
638,24,812
639,22,801
640,23,793
641,22,794
642,24,800
643,23,796
644,22,794
645,22,776
646,21,768
647,24,772
648,20,780
649,20,763
650,22,769
651,21,765
652,22,761
653,23,763
654,25,757
655,24,743
656,23,724
657,25,716
658,21,733
659,19,715
660,17,723
661,17,725
662,21,725
663,21,728
664,21,725
665,21,727
666,22,732
667,24,718
668,26,708
669,25,683
670,24,692
671,24,690
672,24,694
673,25,697
674,25,691
675,28,703
676,27,702
677,28,707
678,26,700
679,28,689
680,27,701
681,26,695
682,30,686
683,31,677
684,32,670
685,32,683
686,30,689
687,28,680
688,28,670
689,28,674
690,28,678
691,31,691
692,31,680
693,28,690
694,29,675
695,30,674
696,30,667
697,30,667
698,27,648
699,30,648
700,30,642
701,29,653
702,30,655
703,31,659
704,31,638
705,28,634
706,26,632
707,29,653
708,29,646
709,28,654
710,27,657
711,26,665
712,27,659
713,26,659
714,24,636
715,24,644
716,22,649
717,22,645
718,20,642
719,18,639
720,18,646
721,20,656
722,20,645
723,22,651
724,21,635
725,20,652
726,21,655
727,22,653
728,22,645
729,21,645
730,19,673
731,17,685
732,17,673
733,17,692
734,17,687
735,14,678
736,13,683
737,17,683
738,17,672
739,18,677
740,19,689
741,19,682
742,20,669
743,20,669
744,19,665
745,20,680
746,20,679
747,20,686
748,20,699
749,23,707
750,22,718
751,22,716
752,26,721
753,27,725
754,22,724
755,22,733
756,25,749
757,27,728
758,28,725
759,33,729
760,32,730
761,36,747
762,36,739
763,37,747
764,36,750
765,35,760
766,33,749
767,34,761
768,32,744
769,33,739
770,32,748
771,30,746
772,30,752
773,32,771
774,29,766
775,28,775
776,29,784
777,32,791
778,33,800
779,31,788
780,34,809
781,34,815
782,37,824
783,37,833
784,38,831
785,37,842
786,31,832
787,31,834
788,30,832
789,27,823
790,27,824
791,24,821
792,25,827
793,28,826
794,30,832
795,31,831
796,30,823
797,31,808
798,33,819
799,35,816
800,31,823
801,32,827
802,32,810
803,29,800
804,30,801
805,27,801
806,32,796
807,32,802
808,28,816
809,28,822
810,27,828
811,28,835
812,31,845
813,32,831
814,34,850
815,35,886
816,32,898
817,36,918
818,33,910
819,29,908
820,29,933
821,30,936
822,34,921
823,30,922
824,31,936
825,30,942
826,32,929
827,33,927
828,30,955
829,26,923
830,25,938
831,30,939
832,32,931
833,35,934
834,34,917
835,33,925
836,33,926
837,35,943
838,34,972
839,33,978
840,33,987
841,34,988
842,35,991
843,36,1000
844,35,984
845,32,988
846,30,997
847,35,993
848,33,1003
849,33,1015
850,31,1027
851,29,1043
852,31,1052
853,31,1041
854,32,1043
855,32,1065
856,32,1053
857,34,1063
858,34,1063
859,33,1050
860,32,1058
861,28,1049
862,30,1021
863,32,1050
864,32,1034
865,33,1047
866,35,1040
867,40,1058
868,41,1085
869,42,1093
870,40,1104
871,37,1108
872,40,1125
873,38,1120
874,38,1151
875,37,1185
876,35,1179
877,35,1190
878,35,1213
879,34,1205
880,34,1224
881,31,1223
882,35,1223
883,37,1234
884,38,1248
885,34,1230
886,36,1233
887,39,1253
888,39,1262
889,36,1267
890,36,1300
891,38,1302
892,38,1323
893,40,1322
894,41,1326
895,44,1338
896,47,1362
897,48,1354
898,50,1353
899,54,1362
900,55,1370
901,53,1359
902,59,1380
903,58,1390
904,61,1399
905,64,1429
906,64,1425
907,67,1429
908,67,1421
909,66,1430
910,65,1454
911,68,1477
912,72,1497
913,75,1500
914,73,1508
915,72,1525
916,69,1504
917,71,1514
918,64,1507
919,60,1511
920,61,1520
921,59,1509
922,61,1498
923,58,1503
924,61,1521
925,58,1535
926,61,1527
927,58,1536
928,57,1543
929,59,1544
930,59,1554
931,57,1569
932,60,1570
933,54,1605
934,55,1604
935,53,1621
936,57,1635
937,62,1652
938,61,1667
939,60,1683
940,64,1707
941,63,1731
942,68,1757
943,62,1776
944,62,1804
945,63,1812
946,64,1793
947,69,1800
948,65,1793
949,60,1812
950,56,1807
951,57,1819
952,57,1817
953,57,1820
954,57,1794
955,55,1792
956,56,1807
957,54,1797
958,51,1789
959,47,1770
960,49,1778
961,48,1801
962,48,1795
963,44,1804
964,44,1792
965,44,1808
966,50,1802
967,55,1789
968,58,1781
969,57,1780
970,50,1788
971,53,1785
972,56,1776
973,63,1776
974,63,1756
975,62,1787
976,58,1745
977,61,1735
978,60,1727
979,57,1750
980,56,1757
981,53,1745
982,53,1742
983,52,1760
984,53,1749
985,51,1775
986,50,1760
987,51,1759
988,52,1775
989,51,1749
990,52,1785
991,53,1797
992,52,1785
993,52,1785
994,55,1783
995,64,1799
996,67,1798
997,69,1828
998,72,1830
999,66,1822
1000,69,1837
1001,73,1842
1002,79,1858
1003,77,1865
1004,76,1852
1005,78,1880
1006,83,1853
1007,83,1849
1008,83,1844
1009,82,1848
1010,80,1840
1011,79,1832
1012,81,1827
1013,79,1851
1014,81,1827
1015,80,1871
1016,93,1878
1017,95,1872
1018,93,1882
1019,91,1882
1020,93,1905
1021,96,1897
1022,100,1888
1023,99,1872
1024,97,1887
1025,94,1886
1026,94,1888
1027,96,1877
1028,94,1890
1029,89,1885
1030,84,1896
1031,78,1873
1032,83,1884
1033,81,1849
1034,76,1849
1035,73,1865
1036,72,1844
1037,74,1826
1038,75,1809
1039,74,1786
1040,75,1798
1041,76,1799
1042,76,1778
1043,74,1788
1044,72,1743
1045,71,1738
1046,73,1729
1047,76,1707
1048,72,1712
1049,65,1684
1050,67,1679
1051,63,1691
1052,65,1691
1053,62,1706
1054,62,1710
1055,61,1727
1056,64,1736
1057,58,1711
1058,56,1724
1059,53,1716
1060,58,1727
1061,57,1747
1062,58,1749
1063,57,1744
1064,58,1732
1065,57,1748
1066,56,1719
1067,57,1684
1068,60,1706
1069,56,1694
1070,55,1689
1071,51,1667
1072,55,1667
1073,56,1644
1074,55,1622
1075,55,1649
1076,55,1658
1077,51,1624
1078,51,1618
1079,46,1594
1080,53,1593
1081,53,1580
1082,57,1568
1083,56,1549
1084,58,1517
1085,54,1530
1086,53,1522
1087,56,1498
1088,56,1503
1089,59,1499
1090,56,1496
1091,56,1498
1092,56,1503
1093,56,1492
1094,53,1492
1095,52,1489
1096,58,1474
1097,55,1474
1098,54,1461
1099,55,1448
1100,54,1451
1101,55,1433
1102,54,1401
1103,53,1392
1104,53,1371
1105,47,1355
1106,45,1360
1107,48,1323
1108,46,1328
1109,47,1319
1110,45,1324
1111,40,1299
1112,41,1270
1113,39,1259
1114,39,1251
1115,36,1243
1116,37,1250
1117,34,1236
1118,31,1218
1119,32,1217
1120,32,1209
1121,31,1189
1122,33,1185
1123,31,1178
1124,32,1163
1125,32,1152
1126,34,1118
1127,38,1106
1128,36,1109
1129,35,1093
1130,35,1079
1131,31,1085
1132,32,1055
1133,32,1065
1134,29,1066
1135,29,1081
1136,31,1060
1137,35,1052
1138,34,1050
1139,34,1047
1140,34,1039
1141,32,1019
1142,37,999
1143,39,992
1144,39,974
1145,38,972
1146,38,964
1147,38,970
1148,39,977
1149,37,952
1150,33,939
1151,31,926
1152,29,915
1153,30,890
1154,27,856
1155,31,854
1156,32,823
1157,31,808
1158,30,809
1159,29,804
1160,27,797
1161,28,802
1162,30,801
1163,29,789
1164,24,769
1165,25,784
1166,24,778
1167,26,770
1168,26,766
1169,26,753
1170,24,740
1171,26,744
1172,25,728
1173,24,710
1174,23,696
1175,20,684
1176,21,708
1177,22,706
1178,22,697
1179,18,682
1180,20,685
1181,18,683
1182,18,691
1183,22,679
1184,24,655
1185,26,662
1186,26,653
1187,27,644
1188,27,645
1189,26,648
1190,24,662
1191,24,661
1192,24,643
1193,25,649
1194,23,647
1195,25,645
1196,25,636
1197,26,635
1198,28,641
1199,27,644
1200,26,652
1201,23,643
1202,22,644
1203,21,635
1204,22,617
1205,24,622
1206,21,616
1207,22,607
1208,21,605
1209,19,596
1210,13,583
1211,10,577
1212,11,578
1213,9,572
1214,8,561
1215,9,559
1216,8,539
1217,8,522
1218,10,518
1219,9,506
1220,10,506
1221,10,499
1222,10,483
1223,9,480
1224,10,472
1225,14,473
1226,15,476
1227,15,459
1228,16,464
1229,15,450
1230,15,450
1231,15,437
1232,17,433
1233,15,426
1234,15,416
1235,17,418
1236,17,403
1237,16,401
1238,15,399
1239,12,381
1240,12,375
1241,13,370
1242,14,369
1243,16,372
1244,17,363
1245,16,362
1246,17,356
1247,16,359
1248,17,361
1249,16,353
1250,14,350
1251,15,345
1252,14,335
1253,13,333
1254,11,335
1255,10,337
1256,8,346
1257,8,341
1258,8,343
1259,9,339
1260,9,345
1261,9,337
1262,11,328
1263,11,327
1264,9,312
1265,8,316
1266,8,316
1267,9,315
1268,8,316
1269,7,312
1270,7,315
1271,6,307
1272,7,306
1273,7,296
1274,8,293
1275,7,300
1276,7,288
1277,7,289
1278,7,291
1279,5,285
1280,4,282
1281,4,265
1282,5,249
1283,4,249
1284,4,241
1285,3,249
1286,3,243
1287,3,244
1288,3,245
1289,3,243
1290,3,252
1291,2,249
1292,4,254
1293,3,250
1294,3,241
1295,3,248
1296,4,254
1297,5,243
1298,4,241
1299,6,239
1300,6,232
1301,7,237
1302,8,236
1303,8,234
1304,8,233
1305,8,239
1306,8,226
1307,8,221
1308,9,226
1309,7,214
1310,7,220
1311,7,213
1312,7,215
1313,6,210
1314,6,206
1315,4,203
1316,4,202
1317,4,201
1318,3,194
1319,2,191
1320,2,192
1321,1,188
1322,2,191
1323,3,190
1324,3,192
1325,2,183
1326,3,186
1327,3,181
1328,4,174
1329,4,176
1330,5,176
1331,5,168
1332,5,168
1333,6,159
1334,7,162
1335,7,159
1336,8,160
1337,8,155
1338,6,148
1339,7,141
1340,6,143
1341,6,147
1342,6,138
1343,6,131
1344,6,132
1345,5,132
1346,5,136
1347,5,134
1348,2,132
1349,1,118
1350,1,134
1351,1,134
1352,1,128
1353,2,129
1354,2,126
1355,2,129
1356,2,126
1357,2,128
1358,2,123
1359,2,118
1360,2,121
1361,1,117
1362,1,113
1363,2,113
1364,2,111
1365,2,108
1366,3,108
1367,3,109
1368,3,108
1369,3,108
1370,2,105
1371,2,101
1372,3,94
1373,2,99
1374,2,92
1375,2,87
1376,2,88
1377,2,86
1378,4,86
1379,4,86
1380,4,84
1381,4,80
1382,4,75
1383,5,73
1384,5,72
1385,5,69
1386,4,69
1387,4,66
1388,4,64
1389,3,59
1390,3,60
1391,3,57
1392,3,57
1393,3,56
1394,3,56
1395,3,53
1396,2,52
1397,2,55
1398,3,52
1399,3,51
1400,3,49
1401,3,51
1402,2,49
1403,2,49
1404,2,49
1405,2,50
1406,1,47
1407,1,47
1408,1,43
1409,1,41
1410,1,42
1411,0,42
1412,0,42
1413,1,41
1414,1,39
1415,1,40
1416,2,41
1417,2,39
1418,2,41
1419,2,41
1420,2,41
1421,2,43
1422,2,42
1423,2,41
1424,1,37
1425,1,37
1426,1,33
1427,1,34
1428,1,34
1429,1,31
1430,1,31
1431,1,31
1432,1,28
1433,1,28
1434,0,25
1435,0,27
1436,0,28
1437,0,26
1438,0,22
1439,0,24
1440,1,25
1441,1,26
1442,1,25
1443,1,29
1444,1,32
1445,1,32
1446,1,34
1447,1,34
1448,0,35
1449,0,34
1450,0,36
1451,0,36
1452,0,36
1453,0,38
1454,0,39
1455,0,38
1456,1,40
1457,1,37
1458,1,34
1459,1,33
1460,1,34
1461,1,32
1462,1,31
1463,1,30
1464,1,30
1465,1,30
1466,1,29
1467,2,30
1468,1,29
1469,1,28
1470,1,29
1471,1,29
1472,1,30
1473,0,28
1474,0,27
1475,0,26
1476,0,24
1477,0,21
1478,0,21
1479,0,21
1480,0,21
1481,0,20
1482,0,18
1483,0,17
1484,0,16
1485,0,15
1486,0,13
1487,0,15
1488,0,15
1489,0,15
1490,0,14
1491,0,13
1492,0,15
1493,0,14
1494,0,12
1495,0,11
1496,0,10
1497,0,10
1498,0,11
1499,0,11
1500,0,11
1501,0,11
1502,1,11
1503,2,10
1504,2,9
1505,2,10
1506,2,8
1507,2,8
1508,2,8
1509,2,8
1510,2,8
1511,1,7
1512,0,6
1513,0,6
1514,0,6
1515,0,5
1516,0,5
1517,0,5
1518,0,4
1519,0,4
1520,0,4
1521,0,6
1522,0,6
1523,0,6
1524,0,7
1525,0,7
1526,0,7
1527,0,7
1528,0,7
1529,0,6
1530,0,5
1531,0,5
1532,0,4
1533,0,4
1534,0,4
1535,0,4
1536,0,4
1537,0,3
1538,0,2
1539,0,1
1540,0,1
1541,0,1
1542,0,1
1543,0,1
1544,0,2
1545,0,2
1546,0,3
1547,0,3
1548,0,3
1549,0,3
1550,0,3
1551,0,3
1552,0,3
1553,0,3
1554,0,3
1555,0,3
1556,0,3
1557,0,3
1558,0,3
1559,0,3
1560,0,3
1561,0,3
1562,0,3
1563,0,3
1564,0,3
1565,0,3
1566,0,3
1567,0,3
1568,0,3
1569,0,2
1570,0,2
1571,0,2
1572,0,1
1573,0,1
1574,0,1
1575,0,1
1576,0,1
1577,0,1
1578,0,1
1579,0,1
1580,0,1
1581,0,2
1582,0,2
1583,0,2
1584,0,2
1585,0,2
1586,0,2
1587,0,2
1588,0,2
1589,0,2
1590,0,2
1591,0,2
1592,0,3
1593,0,3
1594,0,3
1595,0,3
1596,0,3
1597,0,3
1598,0,3
1599,0,3
1600,0,3
1601,0,2
1602,0,2
1603,0,2
1604,0,2
1605,0,2
1606,0,2
1607,0,2
1608,0,2
1609,0,2
1610,0,2
1611,0,2
1612,0,2
1613,0,2
1614,0,2
1615,0,2
1616,0,2
1617,0,2
1618,0,2
1619,0,2
1620,0,2
1621,0,2
1622,0,2
1623,0,2
1624,0,2
1625,0,2
1626,0,2
1627,0,2
1628,0,2
1629,0,2
1630,0,2
1631,0,2
1632,0,2
1633,0,2
1634,0,2
1635,0,2
1636,0,2
1637,0,2
1638,0,2
1639,0,2
1640,0,2
1641,0,2
1642,0,2
1643,0,2
1644,0,2
1645,0,2
1646,0,2
1647,0,2
1648,0,2
1649,0,2
1650,0,2
1651,0,2
1652,0,2
1653,0,2
1654,0,2
1655,0,2
1656,0,2
1657,0,2
1658,0,3
1659,0,3
1660,0,3
1661,0,3
1662,0,3
1663,0,3
1664,0,3
1665,0,3
1666,0,3
1667,0,3
1668,0,3
1669,0,3
1670,0,3
1671,0,3
1672,0,3
1673,0,3
1674,0,3
1675,0,3
1676,0,3
1677,0,3
1678,0,3
1679,0,3
1680,0,3
1681,0,3
1682,0,3
1683,0,3
1684,0,3
1685,0,3
1686,0,3
1687,0,3
1688,0,3
1689,0,3
1690,0,3
1691,0,3
1692,0,3
1693,0,3
1694,0,3
1695,0,3
1696,0,3
1697,0,3
1698,0,3
1699,0,3
1700,0,3
1701,0,3
1702,0,3
1703,0,3
1704,0,3
1705,0,3
1706,0,3
1707,0,3
1708,0,3
1709,0,3
1710,0,3
1711,0,3
1712,0,3
1713,0,2
1714,0,2
1715,0,2
1716,0,2
1717,0,2
1718,0,2
1719,0,2
1720,0,2
1721,0,2
1722,0,2
1723,0,2
1724,0,2
1725,0,2
1726,0,2
1727,0,2
1728,0,2
1729,0,2
1730,0,2
1731,0,2
1732,0,2
1733,0,2
1734,0,2
1735,0,2
1736,0,2
1737,0,2
1738,0,2
1739,0,2
1740,0,2
1741,0,2
1742,0,1
1743,0,1
1744,0,1
1745,0,1
1746,0,1
1747,0,1
1748,0,1
1749,0,1
1750,0,1
1751,0,1
1752,0,1
1753,0,1
1754,0,1
1755,0,1
1756,0,1
1757,0,1
1758,0,1
1759,0,1
1760,0,1
1761,0,1
1762,0,1
1763,0,1
1764,0,1
1765,0,1
1766,0,1
1767,0,2
1768,0,1
1769,0,1
1770,0,1
1771,0,1
1772,0,1
1773,0,1
1774,0,1
1775,0,1
1776,0,1
1777,0,1
1778,0,1
1779,0,1
1780,0,1
1781,0,1
1782,0,1
1783,0,1
1784,0,1
1785,0,1
1786,0,1
1787,0,1
1788,0,1
1789,0,1
1790,0,1
1791,0,1
1792,0,1
1793,0,1
1794,0,1
1795,0,1
1796,0,1
1797,0,1
1798,0,1
1799,0,1
1800,0,1
1801,0,1
1802,0,1
1803,0,1
1804,0,1
1805,0,1
1806,0,1
1807,0,0
1808,0,0
1809,0,0
1810,0,0
1811,0,0
1812,0,0
1813,0,0
1814,0,0
1815,0,0
1816,0,0
1817,0,0
1818,0,0
1819,0,0
1820,0,0
1821,0,0
1822,0,0
1823,0,0
1824,0,0
1825,0,0
1826,0,0
1827,0,0
1828,0,0
1829,0,0
1830,0,0
1831,0,0
1832,0,0
1833,0,0
1834,0,0
1835,0,0
1836,0,0
1837,0,0
1838,0,0
1839,0,0
1840,0,0
1841,0,0
1842,0,0
1843,0,0
1844,0,0
1845,0,0
1846,0,0
1847,0,0
1848,0,0
1849,0,0
1850,0,0
1851,0,0
1852,0,0
1853,0,0
1854,0,0
1855,0,0
1856,0,0
1857,0,0
1858,0,0
1859,0,0
1860,0,0
1861,0,0
1862,0,0
1863,0,0
1864,0,0
1865,0,0
1866,0,0
1867,0,0
1868,0,0
1869,0,0
1870,0,0
1871,0,0
1872,0,0
1873,0,0
1874,0,0
1875,0,0
1876,0,0
1877,0,0
1878,0,0
1879,0,0
1880,0,0
1881,0,0
1882,0,0
1883,0,0
1884,0,0
1885,0,0
1886,0,0
1887,0,0
1888,0,0
1889,0,0
1890,0,0
1891,0,0
1892,0,0
1893,0,0
1894,0,0
1895,0,0
1896,0,0
1897,0,0
1898,0,0
1899,0,0
1900,0,0
1901,0,0
1902,0,0
1903,0,0
1904,0,0
1905,0,0
1906,0,0
1907,0,0
1908,0,0
1909,0,0
1910,0,0
1911,0,0
1912,0,0
1913,0,0
1914,0,0
1915,0,0
1916,0,0
1917,0,0
1918,0,0
1919,0,0
1920,0,0
1921,0,0
1922,0,0
1923,0,0
1924,0,0
1925,0,0
1926,0,0
1927,0,0
1928,0,0
1929,0,0
1930,0,0
1931,0,0
1932,0,0
1933,0,0
1934,0,0
1935,0,0
1936,0,0
1937,0,0
1938,0,0
1939,0,0
1940,0,0
1941,0,0
1942,0,0
1943,0,0
1944,0,0
1945,0,0
1946,0,0
1947,0,0
1948,0,0
1949,0,0
1950,0,0
1951,0,0
1952,0,0
1953,0,0
1954,0,0
1955,0,0
1956,0,0
1957,0,0
1958,0,0
1959,0,0
1960,0,0
1961,0,0
1962,0,0
1963,0,0
1964,0,0
1965,0,0
1966,0,0
1967,0,0
1968,0,0
1969,0,0
1970,0,0
1971,0,0
1972,0,0
1973,0,0
1974,0,0
1975,0,0
1976,0,0
1977,0,0
1978,0,0
1979,0,0
1980,0,0
1981,0,0
1982,0,0
1983,0,0
1984,0,0
1985,0,0
1986,0,0
1987,0,0
1988,0,0
1989,0,0
1990,0,0
1991,0,0
1992,0,0
1993,0,0
1994,0,0
1995,0,0
1996,0,0
1997,0,0
1998,0,0
1999,0,0
2000,0,0
2001,0,0
2002,0,0
2003,0,0
2004,0,0
2005,0,0
2006,0,0
2007,0,0
2008,0,0
2009,0,0
2010,0,0
2011,0,0
2012,0,0
2013,0,0
2014,0,0
2015,0,0
2016,0,0
2017,0,0
2018,0,0
2019,0,0
2020,0,0
2021,0,0
2022,0,0
2023,0,0
2024,0,0
2025,0,0
2026,0,0
2027,0,0
2028,0,0
2029,0,0
2030,0,0
2031,0,0
2032,0,0
2033,0,0
2034,0,0
2035,0,0
2036,0,0
2037,0,0
2038,0,0
2039,0,0
2040,0,0
2041,0,0
2042,0,0
2043,0,0
2044,0,0
2045,0,0
2046,0,0
2047,0,0
2048,0,0
2049,0,0
2050,0,0
2051,0,0
2052,0,0
2053,0,0
2054,0,0
2055,0,0
2056,0,0
2057,0,0
2058,0,0
2059,0,0
2060,0,0
2061,0,0
2062,0,0
2063,0,0
2064,0,0
2065,0,0
2066,0,0
2067,0,0
2068,0,0
2069,0,0
2070,0,0
2071,0,0
2072,0,0
2073,0,0
2074,0,0
2075,0,0
2076,0,0
2077,0,0
2078,0,0
2079,0,0
2080,0,0
2081,0,0
2082,0,0
2083,0,0
2084,0,0
2085,0,0
2086,0,0
2087,0,0
2088,0,0
2089,0,0
2090,0,0
2091,0,0
2092,0,0
2093,0,0
2094,0,0
2095,0,0
2096,0,0
2097,0,0
2098,0,0
2099,0,0
2100,0,0
2101,0,0
2102,0,0
2103,0,0
2104,0,0
2105,0,0
2106,0,0
2107,0,0
2108,0,0
2109,0,0
2110,0,0
2111,0,0
2112,0,0
2113,0,0
2114,0,0
2115,0,0
2116,0,0
2117,0,0
2118,0,0
2119,0,0
2120,0,0
2121,0,0
2122,0,0
2123,0,0
2124,0,0
2125,0,0
2126,0,0
2127,0,0
2128,0,0
2129,0,0
2130,0,0
2131,0,0
2132,0,0
2133,0,0
2134,0,0
2135,0,0
2136,0,0
2137,0,0
2138,0,0
2139,0,0
2140,0,0
2141,0,0
2142,0,0
2143,0,0
2144,0,0
2145,0,0
2146,0,0
2147,0,0
2148,0,0
2149,0,0
2150,0,0
2151,0,0
2152,0,0
2153,0,0
2154,0,0
2155,0,0
2156,0,0
2157,0,0
2158,0,0
2159,0,0
2160,0,0
2161,0,0
2162,0,0
2163,0,0
2164,0,0
2165,0,0
2166,0,0
2167,0,0
2168,0,0
2169,0,0
2170,0,0
2171,0,0
2172,0,0
2173,0,0
2174,0,0
2175,0,0
2176,0,0
2177,0,0
2178,0,0
2179,0,0
2180,0,0
2181,0,0
2182,0,0
2183,0,0
2184,0,0
2185,0,0
2186,0,0
2187,0,0
2188,0,0
2189,0,0
2190,0,0
2191,0,0
2192,0,0
2193,0,0
2194,0,0
2195,0,0
2196,0,0
2197,0,0
2198,0,0
2199,0,0
2200,0,0
2201,0,0
2202,0,0
2203,0,0
2204,0,0
2205,0,0
2206,0,0
2207,0,0
2208,0,0
2209,0,0
2210,0,0
2211,0,0
2212,0,0
2213,0,0
2214,0,0
2215,0,0
2216,0,0
2217,0,0
2218,0,0
2219,0,0
2220,0,0
2221,0,0
2222,0,0
2223,0,0
2224,0,0
2225,0,0
2226,0,0
2227,0,0
2228,0,0
2229,0,0
2230,0,0
2231,0,0
2232,0,0
2233,0,0
2234,0,0
2235,0,0
2236,0,0
2237,0,0
2238,0,0
2239,0,0
2240,0,0
2241,0,0
2242,0,0
2243,0,0
2244,0,0
2245,0,0
2246,0,0
2247,0,0
2248,0,0
2249,0,0
2250,0,0
2251,0,0
2252,0,0
2253,0,0
2254,0,0
2255,0,0
2256,0,0
2257,0,0
2258,0,0
2259,0,0
2260,0,0
2261,0,0
2262,0,0
2263,0,0
2264,0,0
2265,0,0
2266,0,0
2267,0,0
2268,0,0
2269,0,0
2270,0,0
2271,0,0
2272,0,0
2273,0,0
2274,0,0
2275,0,0
2276,0,0
2277,0,0
2278,0,0
2279,0,0
2280,0,0
2281,0,0
2282,0,0
2283,0,0
2284,0,0
2285,0,0
2286,0,0
2287,0,0
2288,0,0
2289,0,0
2290,0,0
2291,0,0
2292,0,0
2293,0,0
2294,0,0
2295,0,0
2296,0,0
2297,0,0
2298,0,0
2299,0,0
2300,0,0
2301,0,0
2302,0,0
2303,0,0
2304,0,0
2305,0,0
2306,0,0
2307,0,0
2308,0,0
2309,0,0
2310,0,0
2311,0,0
2312,0,0
2313,0,0
2314,0,0
2315,0,0
2316,0,0
2317,0,0
2318,0,0
2319,0,0
2320,0,0
2321,0,0
2322,0,0
2323,0,0
2324,0,0
2325,0,0
2326,0,0
2327,0,0
2328,0,0
2329,0,0
2330,0,0
2331,0,0
2332,0,0
2333,0,0
2334,0,0
2335,0,0
2336,0,0
2337,0,0
2338,0,0
2339,0,0
2340,0,0
2341,0,0
2342,0,0
2343,0,0
2344,0,0
2345,0,0
2346,0,0
2347,0,0
2348,0,0
2349,0,0
2350,0,0
2351,0,0
2352,0,0
2353,0,0
2354,0,0
2355,0,0
2356,0,0
2357,0,0
2358,0,0
2359,0,0
2360,0,0
2361,0,0
2362,0,0
2363,0,0
2364,0,0
2365,0,0
2366,0,0
2367,0,0
2368,0,0
2369,0,0
2370,0,0
2371,0,0
2372,0,0
2373,0,0
2374,0,0
2375,0,0
2376,0,0
2377,0,0
2378,0,0
2379,0,0
2380,0,0
2381,0,0
2382,0,0
2383,0,0
2384,0,0
2385,0,0
2386,0,0
2387,0,0
2388,0,0
2389,0,0
2390,0,0
2391,0,0
2392,0,0
2393,0,0
2394,0,0
2395,0,0
2396,0,0
2397,0,0
2398,0,0
2399,0,0
2400,0,0
2401,0,0
2402,0,0
2403,0,0
2404,0,0
2405,0,0
2406,0,0
2407,0,0
2408,0,0
2409,0,0
2410,0,0
2411,0,0
2412,0,0
2413,0,0
2414,0,0
2415,0,0
2416,0,0
2417,0,0
2418,0,0
2419,0,0
2420,0,0
2421,0,0
2422,0,0
2423,0,0
2424,0,0
2425,0,0
2426,0,0
2427,0,0
2428,0,0
2429,0,0
2430,0,0
2431,0,0
2432,0,0
2433,0,0
2434,0,0
2435,0,0
2436,0,0
2437,0,0
2438,0,0
2439,0,0
2440,0,0
2441,0,0
2442,0,0
2443,0,0
2444,0,0
2445,0,0
2446,0,0
2447,0,0
2448,0,0
2449,0,0
2450,0,0
2451,0,0
2452,0,0
2453,0,0
2454,0,0
2455,0,0
2456,0,0
2457,0,0
2458,0,0
2459,0,0
2460,0,0
2461,0,0
2462,0,0
2463,0,0
2464,0,0
2465,0,0
2466,0,0
2467,0,0
2468,0,0
2469,0,0
2470,0,0
2471,0,0
2472,0,0
2473,0,0
2474,0,0
2475,0,0
2476,0,0
2477,0,0
2478,0,0
2479,0,0
2480,0,0
2481,0,0
2482,0,0
2483,0,0
2484,0,0
2485,0,0
2486,0,0
2487,0,0
2488,0,0
2489,0,0
2490,0,0
2491,0,0
2492,0,0
2493,0,0
2494,0,0
2495,0,0
2496,0,0
2497,0,0
2498,0,0
2499,0,0
2500,0,0
2501,0,0
2502,0,0
2503,0,0
2504,0,0
2505,0,0
2506,0,0
2507,0,0
2508,0,0
2509,0,0
2510,0,0
2511,0,0
2512,0,0
2513,0,0
2514,0,0
2515,0,0
2516,0,0
2517,0,0
2518,0,0
2519,0,0
2520,0,0
2521,0,0
2522,0,0
2523,0,0
2524,0,0
2525,0,0
2526,0,0
2527,0,0
2528,0,0
2529,0,0
2530,0,0
2531,0,0
2532,0,0
2533,0,0
2534,0,0
2535,0,0
2536,0,0
2537,0,0
2538,0,0
2539,0,0
2540,0,0
2541,0,0
2542,0,0
2543,0,0
2544,0,0
2545,0,0
2546,0,0
2547,0,0
2548,0,0
2549,0,0
2550,0,0
2551,0,0
2552,0,0
2553,0,0
2554,0,0
2555,0,0
2556,0,0
2557,0,0
2558,0,0
2559,0,0
2560,0,0
2561,0,0
2562,0,0
2563,0,0
2564,0,0
2565,0,0
2566,0,0
2567,0,0
2568,0,0
2569,0,0
2570,0,0
2571,0,0
2572,0,0
2573,0,0
2574,0,0
2575,0,0
2576,0,0
2577,0,0
2578,0,0
2579,0,0
2580,0,0
2581,0,0
2582,0,0
2583,0,0
2584,0,0
2585,0,0
2586,0,0
2587,0,0
2588,0,0
2589,0,0
2590,0,0
2591,0,0
2592,0,0
2593,0,0
2594,0,0
2595,0,0
2596,0,0
2597,0,0
2598,0,0
2599,0,0
2600,0,0
2601,0,0
2602,0,0
2603,0,0
2604,0,0
2605,0,0
2606,0,0
2607,0,0
2608,0,0
2609,0,0
2610,0,0
2611,0,0
2612,0,0
2613,0,0
2614,0,0
2615,0,0
2616,0,0
2617,0,0
2618,0,0
2619,0,0
2620,0,0
2621,0,0
2622,0,0
2623,0,0
2624,0,0
2625,0,0
2626,0,0
2627,0,0
2628,0,0
2629,0,0
2630,0,0
2631,0,0
2632,0,0
2633,0,0
2634,0,0
2635,0,0
2636,0,0
2637,0,0
2638,0,0
2639,0,0
2640,0,0
2641,0,0
2642,0,0
2643,0,0
2644,0,0
2645,0,0
2646,0,0
2647,0,0
2648,0,0
2649,0,0
2650,0,0
2651,0,0
2652,0,0
2653,0,0
2654,0,0
2655,0,0
2656,0,0
2657,0,0
2658,0,0
2659,0,0
2660,0,0
2661,0,0
2662,0,0
2663,0,0
2664,0,0
2665,0,0
2666,0,0
2667,0,0
2668,0,0
2669,0,0
2670,0,0
2671,0,0
2672,0,0
2673,0,0
2674,0,0
2675,0,0
2676,0,0
2677,0,0
2678,0,0
2679,0,0
2680,0,0
2681,0,0
2682,0,0
2683,0,0
2684,0,0
2685,0,0
2686,0,0
2687,0,0
2688,0,0
2689,0,0
2690,0,0
2691,0,0
2692,0,0
2693,0,0
2694,0,0
2695,0,0
2696,0,0
2697,0,0
2698,0,0
2699,0,0
2700,0,0
2701,0,0
2702,0,0
2703,0,0
2704,0,0
2705,0,0
2706,0,0
2707,0,0
2708,0,0
2709,0,0
2710,0,0
2711,0,0
2712,0,0
2713,0,0
2714,0,0
2715,0,0
2716,0,0
2717,0,0
2718,0,0
2719,0,0
2720,0,0
2721,0,0
2722,0,0
2723,0,0
2724,0,0
2725,0,0
2726,0,0
2727,0,0
2728,0,0
2729,0,0
2730,0,0
2731,0,0
2732,0,0
2733,0,0
2734,0,0
2735,0,0
2736,0,0
2737,0,0
2738,0,0
2739,0,0
2740,0,0
2741,0,0
2742,0,0
2743,0,0
2744,0,0
2745,0,0
2746,0,0
2747,0,0
2748,0,0
2749,0,0
2750,0,0
2751,0,0
2752,0,0
2753,0,0
2754,0,0
2755,0,0
2756,0,0
2757,0,0
2758,0,0
2759,0,0
2760,0,0
2761,0,0
2762,0,0
2763,0,0
2764,0,0
2765,0,0
2766,0,0
2767,0,0
2768,0,0
2769,0,0
2770,0,0
2771,0,0
2772,0,0
2773,0,0
2774,0,0
2775,0,0
2776,0,0
2777,0,0
2778,0,0
2779,0,0
2780,0,0
2781,0,0
2782,0,0
2783,0,0
2784,0,0
2785,0,0
2786,0,0
2787,0,0
2788,0,0
2789,0,0
2790,0,0
2791,0,0
2792,0,0
2793,0,0
2794,0,0
2795,0,0
2796,0,0
2797,0,0
2798,0,0
2799,0,0
2800,0,0
2801,0,0
2802,0,0
2803,0,0
2804,0,0
2805,0,0
2806,0,0
2807,0,0
2808,0,0
2809,0,0
2810,0,0
2811,0,0
2812,0,0
2813,0,0
2814,0,0
2815,0,0
2816,0,0
2817,0,0
2818,0,0
2819,0,0
2820,0,0
2821,0,0
2822,0,0
2823,0,0
2824,0,0
2825,0,0
2826,0,0
2827,0,0
2828,0,0
2829,0,0
2830,0,0
2831,0,0
2832,0,0
2833,0,0
2834,0,0
2835,0,0
2836,0,0
2837,0,0
2838,0,0
2839,0,0
2840,0,0
2841,0,0
2842,0,0
2843,0,0
2844,0,0
2845,0,0
2846,0,0
2847,0,0
2848,0,0
2849,0,0
2850,0,0
2851,0,0
2852,0,0
2853,0,0
2854,0,0
2855,0,0
2856,0,0
2857,0,0
2858,0,0
2859,0,0
2860,0,0
2861,0,0
2862,0,0
2863,0,0
2864,0,0
2865,0,0
2866,0,0
2867,0,0
2868,0,0
2869,0,0
2870,0,0
2871,0,0
2872,0,0
2873,0,0
2874,0,0
2875,0,0
2876,0,0
2877,0,0
2878,0,0
2879,0,0
